VENDOR INFORMATION,
Omnitech Electronics Inc.,
5090 Trabue Road,
Columbus Ohio 43228,
www.Omnitech-Electronics.com,

VARIABLE NAME,VARIABLE DESCRIPTION,
Experiment,The name of the relevant Experiment (this value is user created at acquisition time),
Rotor,The name of the relevant Rotor,
Subject ID,The name of the relevant Subject ID (this value is user created at acquisition time),
Subject Type,The relevant Subject Type (this value is user created at acquisition time),
Sample,The name of the relevant Sample,
Start Time,Represents the time at which the experiment began (as expressed in the time zone in which the experiment was created).,
Duration,Represents time elapsed since the start of the experiment.,
Clockwise Turns,The number of complete clockwise turns traveled by the subject attached to a rotor.,
Counter-Clockwise Turns,The number of complete counter-clockwise turns traveled by the subject attached to a rotor.,
Net Turns,The number of complete clockwise turns minus the number of complete counter-clockwise turns traveled by the subject attached to a rotor.,

EXPERIMENT NAME,CREATION DATE/TIME,USER NAME,COMMENT,DESCRIPTION,PHASE COUNT,BATCH COUNT,TOTAL RECORDINGS COUNT,ORDER BY BATCH,SUBJECT AGE UNIT,
EXAMPLE_AIR_w4,1/1/2024 10:00:00 AM,Example,Synthetic example data,Simulated rats,1,1,1,No,Months,

EXPORT PRECISION,DISTANCE UNIT,SPEED UNIT,TIME UNIT,WEIGHT UNIT,SAMPLE DURATION (s),TURN ANGLE THRESHOLD,
2,Centimeter,CentimetersPerSecond,Second,Gram,60,90° (1/4 turn),

EXPERIMENT,ROTOR,SUBJECT ID,SUBJECT TYPE,SAMPLE,START TIME,DURATION (s),CLOCKWISE TURNS,COUNTER-CLOCKWISE TURNS,NET TURNS,REASON REJECTED,
EXAMPLE_AIR_w4,Rotor 1,1,,1,10:00:00 AM,60.00,0.75,0.00,0.75,,
EXAMPLE_AIR_w4,Rotor 1,1,,2,10:01:00 AM,60.00,0.50,0.00,0.50,,
EXAMPLE_AIR_w4,Rotor 1,1,,3,10:02:00 AM,60.00,0.50,0.00,0.50,,
EXAMPLE_AIR_w4,Rotor 1,1,,4,10:03:00 AM,60.00,0.50,0.00,0.50,,
EXAMPLE_AIR_w4,Rotor 1,1,,5,10:04:00 AM,60.00,0.25,0.00,0.25,,
EXAMPLE_AIR_w4,Rotor 1,1,,6,10:05:00 AM,60.00,0.50,0.00,0.50,,
EXAMPLE_AIR_w4,Rotor 1,1,,7,10:06:00 AM,60.00,0.25,0.00,0.25,,
EXAMPLE_AIR_w4,Rotor 1,1,,8,10:07:00 AM,60.00,0.00,-0.00,0.00,,
EXAMPLE_AIR_w4,Rotor 1,1,,9,10:08:00 AM,60.00,0.25,0.00,0.25,,
EXAMPLE_AIR_w4,Rotor 1,1,,10,10:09:00 AM,60.00,0.25,0.00,0.25,,
EXAMPLE_AIR_w4,Rotor 1,1,,11,10:10:00 AM,60.00,0.00,0.25,-0.25,,
EXAMPLE_AIR_w4,Rotor 1,1,,12,10:11:00 AM,60.00,0.00,0.25,-0.25,,
EXAMPLE_AIR_w4,Rotor 1,1,,13,10:12:00 AM,60.00,0.00,0.50,-0.50,,
EXAMPLE_AIR_w4,Rotor 1,1,,14,10:13:00 AM,60.00,0.00,0.50,-0.50,,
EXAMPLE_AIR_w4,Rotor 1,1,,15,10:14:00 AM,60.00,0.00,0.75,-0.75,,
EXAMPLE_AIR_w4,Rotor 1,1,,16,10:15:00 AM,60.00,0.00,0.75,-0.75,,
EXAMPLE_AIR_w4,Rotor 1,1,,17,10:16:00 AM,60.00,0.00,1.00,-1.00,,
EXAMPLE_AIR_w4,Rotor 1,1,,18,10:17:00 AM,60.00,0.00,1.25,-1.25,,
EXAMPLE_AIR_w4,Rotor 1,1,,19,10:18:00 AM,60.00,0.00,1.25,-1.25,,
EXAMPLE_AIR_w4,Rotor 1,1,,20,10:19:00 AM,60.00,0.00,1.50,-1.50,,
EXAMPLE_AIR_w4,Rotor 1,1,,21,10:20:00 AM,60.00,0.00,1.25,-1.25,,
EXAMPLE_AIR_w4,Rotor 1,1,,22,10:21:00 AM,60.00,0.00,1.25,-1.25,,
EXAMPLE_AIR_w4,Rotor 1,1,,23,10:22:00 AM,60.00,0.00,1.25,-1.25,,
EXAMPLE_AIR_w4,Rotor 1,1,,24,10:23:00 AM,60.00,0.00,1.50,-1.50,,
EXAMPLE_AIR_w4,Rotor 1,1,,25,10:24:00 AM,60.00,0.00,1.50,-1.50,,
EXAMPLE_AIR_w4,Rotor 1,1,,26,10:25:00 AM,60.00,0.00,1.25,-1.25,,
EXAMPLE_AIR_w4,Rotor 1,1,,27,10:26:00 AM,60.00,0.00,0.50,-0.50,,
EXAMPLE_AIR_w4,Rotor 1,1,,28,10:27:00 AM,60.00,0.00,0.75,-0.75,,
EXAMPLE_AIR_w4,Rotor 1,1,,29,10:28:00 AM,60.00,0.00,0.75,-0.75,,
EXAMPLE_AIR_w4,Rotor 1,1,,30,10:29:00 AM,60.00,0.00,1.00,-1.00,,
EXAMPLE_AIR_w4,Rotor 1,1,,31,10:30:00 AM,60.00,0.00,1.00,-1.00,,
EXAMPLE_AIR_w4,Rotor 1,1,,32,10:31:00 AM,60.00,0.00,1.00,-1.00,,
EXAMPLE_AIR_w4,Rotor 1,1,,33,10:32:00 AM,60.00,0.00,1.25,-1.25,,
EXAMPLE_AIR_w4,Rotor 1,1,,34,10:33:00 AM,60.00,0.00,1.00,-1.00,,
EXAMPLE_AIR_w4,Rotor 1,1,,35,10:34:00 AM,60.00,0.00,1.00,-1.00,,
EXAMPLE_AIR_w4,Rotor 1,1,,36,10:35:00 AM,60.00,0.00,1.25,-1.25,,
EXAMPLE_AIR_w4,Rotor 1,1,,37,10:36:00 AM,60.00,0.00,1.50,-1.50,,
EXAMPLE_AIR_w4,Rotor 1,1,,38,10:37:00 AM,60.00,0.00,1.00,-1.00,,
EXAMPLE_AIR_w4,Rotor 1,1,,39,10:38:00 AM,60.00,0.00,1.00,-1.00,,
EXAMPLE_AIR_w4,Rotor 1,1,,40,10:39:00 AM,60.00,0.00,1.25,-1.25,,
EXAMPLE_AIR_w4,Rotor 1,1,,41,10:40:00 AM,60.00,0.00,1.00,-1.00,,
EXAMPLE_AIR_w4,Rotor 1,1,,42,10:41:00 AM,60.00,0.00,1.00,-1.00,,
EXAMPLE_AIR_w4,Rotor 1,1,,43,10:42:00 AM,60.00,0.00,1.25,-1.25,,
EXAMPLE_AIR_w4,Rotor 1,1,,44,10:43:00 AM,60.00,0.00,1.25,-1.25,,
EXAMPLE_AIR_w4,Rotor 1,1,,45,10:44:00 AM,60.00,0.00,0.75,-0.75,,
EXAMPLE_AIR_w4,Rotor 1,1,,46,10:45:00 AM,60.00,0.00,0.75,-0.75,,
EXAMPLE_AIR_w4,Rotor 1,1,,47,10:46:00 AM,60.00,0.00,0.50,-0.50,,
EXAMPLE_AIR_w4,Rotor 1,1,,48,10:47:00 AM,60.00,0.00,1.00,-1.00,,
EXAMPLE_AIR_w4,Rotor 1,1,,49,10:48:00 AM,60.00,0.00,0.50,-0.50,,
EXAMPLE_AIR_w4,Rotor 1,1,,50,10:49:00 AM,60.00,0.00,0.75,-0.75,,
EXAMPLE_AIR_w4,Rotor 1,1,,51,10:50:00 AM,60.00,0.00,0.75,-0.75,,
EXAMPLE_AIR_w4,Rotor 1,1,,52,10:51:00 AM,60.00,0.00,1.00,-1.00,,
EXAMPLE_AIR_w4,Rotor 1,1,,53,10:52:00 AM,60.00,0.00,1.00,-1.00,,
EXAMPLE_AIR_w4,Rotor 1,1,,54,10:53:00 AM,60.00,0.00,0.75,-0.75,,
EXAMPLE_AIR_w4,Rotor 1,1,,55,10:54:00 AM,60.00,0.00,1.00,-1.00,,
EXAMPLE_AIR_w4,Rotor 1,1,,56,10:55:00 AM,60.00,0.00,0.75,-0.75,,
EXAMPLE_AIR_w4,Rotor 1,1,,57,10:56:00 AM,60.00,0.00,0.75,-0.75,,
EXAMPLE_AIR_w4,Rotor 1,1,,58,10:57:00 AM,60.00,0.00,1.00,-1.00,,
EXAMPLE_AIR_w4,Rotor 1,1,,59,10:58:00 AM,60.00,0.00,1.00,-1.00,,
EXAMPLE_AIR_w4,Rotor 1,1,,60,10:59:00 AM,60.00,0.00,1.00,-1.00,,
EXAMPLE_AIR_w4,Rotor 1,1,,61,11:00:00 AM,60.00,0.00,1.25,-1.25,,
EXAMPLE_AIR_w4,Rotor 1,1,,62,11:01:00 AM,60.00,0.00,1.50,-1.50,,
EXAMPLE_AIR_w4,Rotor 1,1,,63,11:02:00 AM,60.00,0.00,1.25,-1.25,,
EXAMPLE_AIR_w4,Rotor 1,1,,64,11:03:00 AM,60.00,0.00,0.75,-0.75,,
EXAMPLE_AIR_w4,Rotor 1,1,,65,11:04:00 AM,60.00,0.00,1.25,-1.25,,
EXAMPLE_AIR_w4,Rotor 1,1,,66,11:05:00 AM,60.00,0.00,1.50,-1.50,,
EXAMPLE_AIR_w4,Rotor 1,1,,67,11:06:00 AM,60.00,0.00,1.25,-1.25,,
EXAMPLE_AIR_w4,Rotor 1,1,,68,11:07:00 AM,60.00,0.00,1.25,-1.25,,
EXAMPLE_AIR_w4,Rotor 1,1,,69,11:08:00 AM,60.00,0.00,1.50,-1.50,,
EXAMPLE_AIR_w4,Rotor 1,1,,70,11:09:00 AM,60.00,0.00,1.50,-1.50,,
EXAMPLE_AIR_w4,Rotor 1,1,,71,11:10:00 AM,60.00,0.00,1.50,-1.50,,
EXAMPLE_AIR_w4,Rotor 1,1,,72,11:11:00 AM,60.00,0.00,1.25,-1.25,,
EXAMPLE_AIR_w4,Rotor 1,1,,73,11:12:00 AM,60.00,0.00,1.50,-1.50,,
EXAMPLE_AIR_w4,Rotor 1,1,,74,11:13:00 AM,60.00,0.00,1.00,-1.00,,
EXAMPLE_AIR_w4,Rotor 1,1,,75,11:14:00 AM,60.00,0.00,1.00,-1.00,,
EXAMPLE_AIR_w4,Rotor 1,1,,76,11:15:00 AM,60.00,0.00,1.25,-1.25,,
EXAMPLE_AIR_w4,Rotor 1,1,,77,11:16:00 AM,60.00,0.00,1.25,-1.25,,
EXAMPLE_AIR_w4,Rotor 1,1,,78,11:17:00 AM,60.00,0.00,1.25,-1.25,,
EXAMPLE_AIR_w4,Rotor 1,1,,79,11:18:00 AM,60.00,0.00,1.25,-1.25,,
EXAMPLE_AIR_w4,Rotor 1,1,,80,11:19:00 AM,60.00,0.00,1.50,-1.50,,
EXAMPLE_AIR_w4,Rotor 1,1,,81,11:20:00 AM,60.00,0.00,1.25,-1.25,,
EXAMPLE_AIR_w4,Rotor 1,1,,82,11:21:00 AM,60.00,0.00,1.25,-1.25,,
EXAMPLE_AIR_w4,Rotor 1,1,,83,11:22:00 AM,60.00,0.00,1.25,-1.25,,
EXAMPLE_AIR_w4,Rotor 1,1,,84,11:23:00 AM,60.00,0.00,1.25,-1.25,,
EXAMPLE_AIR_w4,Rotor 1,1,,85,11:24:00 AM,60.00,0.00,1.50,-1.50,,
EXAMPLE_AIR_w4,Rotor 1,1,,86,11:25:00 AM,60.00,0.00,1.50,-1.50,,
EXAMPLE_AIR_w4,Rotor 1,1,,87,11:26:00 AM,60.00,0.00,2.00,-2.00,,
EXAMPLE_AIR_w4,Rotor 1,1,,88,11:27:00 AM,60.00,0.00,2.00,-2.00,,
EXAMPLE_AIR_w4,Rotor 1,1,,89,11:28:00 AM,60.00,0.00,1.75,-1.75,,
EXAMPLE_AIR_w4,Rotor 1,1,,90,11:29:00 AM,60.00,0.00,1.50,-1.50,,
EXAMPLE_AIR_w4,Rotor 2,2,,1,10:00:00 AM,60.00,0.50,0.00,0.50,,
EXAMPLE_AIR_w4,Rotor 2,2,,2,10:01:00 AM,60.00,0.75,0.00,0.75,,
EXAMPLE_AIR_w4,Rotor 2,2,,3,10:02:00 AM,60.00,0.50,0.00,0.50,,
EXAMPLE_AIR_w4,Rotor 2,2,,4,10:03:00 AM,60.00,0.75,0.00,0.75,,
EXAMPLE_AIR_w4,Rotor 2,2,,5,10:04:00 AM,60.00,1.00,0.00,1.00,,
EXAMPLE_AIR_w4,Rotor 2,2,,6,10:05:00 AM,60.00,1.00,0.00,1.00,,
EXAMPLE_AIR_w4,Rotor 2,2,,7,10:06:00 AM,60.00,0.75,0.00,0.75,,
EXAMPLE_AIR_w4,Rotor 2,2,,8,10:07:00 AM,60.00,1.00,0.00,1.00,,
EXAMPLE_AIR_w4,Rotor 2,2,,9,10:08:00 AM,60.00,1.00,0.00,1.00,,
EXAMPLE_AIR_w4,Rotor 2,2,,10,10:09:00 AM,60.00,0.75,0.00,0.75,,
EXAMPLE_AIR_w4,Rotor 2,2,,11,10:10:00 AM,60.00,1.00,0.00,1.00,,
EXAMPLE_AIR_w4,Rotor 2,2,,12,10:11:00 AM,60.00,1.50,0.00,1.50,,
EXAMPLE_AIR_w4,Rotor 2,2,,13,10:12:00 AM,60.00,1.25,0.00,1.25,,
EXAMPLE_AIR_w4,Rotor 2,2,,14,10:13:00 AM,60.00,1.00,0.00,1.00,,
EXAMPLE_AIR_w4,Rotor 2,2,,15,10:14:00 AM,60.00,1.00,0.00,1.00,,
EXAMPLE_AIR_w4,Rotor 2,2,,16,10:15:00 AM,60.00,1.25,0.00,1.25,,
EXAMPLE_AIR_w4,Rotor 2,2,,17,10:16:00 AM,60.00,1.00,0.00,1.00,,
EXAMPLE_AIR_w4,Rotor 2,2,,18,10:17:00 AM,60.00,1.25,0.00,1.25,,
EXAMPLE_AIR_w4,Rotor 2,2,,19,10:18:00 AM,60.00,1.25,0.00,1.25,,
EXAMPLE_AIR_w4,Rotor 2,2,,20,10:19:00 AM,60.00,1.00,0.00,1.00,,
EXAMPLE_AIR_w4,Rotor 2,2,,21,10:20:00 AM,60.00,1.25,0.00,1.25,,
EXAMPLE_AIR_w4,Rotor 2,2,,22,10:21:00 AM,60.00,1.00,0.00,1.00,,
EXAMPLE_AIR_w4,Rotor 2,2,,23,10:22:00 AM,60.00,1.25,0.00,1.25,,
EXAMPLE_AIR_w4,Rotor 2,2,,24,10:23:00 AM,60.00,1.25,0.00,1.25,,
EXAMPLE_AIR_w4,Rotor 2,2,,25,10:24:00 AM,60.00,1.50,0.00,1.50,,
EXAMPLE_AIR_w4,Rotor 2,2,,26,10:25:00 AM,60.00,1.50,0.00,1.50,,
EXAMPLE_AIR_w4,Rotor 2,2,,27,10:26:00 AM,60.00,1.25,0.00,1.25,,
EXAMPLE_AIR_w4,Rotor 2,2,,28,10:27:00 AM,60.00,1.00,0.00,1.00,,
EXAMPLE_AIR_w4,Rotor 2,2,,29,10:28:00 AM,60.00,0.75,0.00,0.75,,
EXAMPLE_AIR_w4,Rotor 2,2,,30,10:29:00 AM,60.00,0.75,0.00,0.75,,
EXAMPLE_AIR_w4,Rotor 2,2,,31,10:30:00 AM,60.00,0.50,0.00,0.50,,
EXAMPLE_AIR_w4,Rotor 2,2,,32,10:31:00 AM,60.00,0.75,0.00,0.75,,
EXAMPLE_AIR_w4,Rotor 2,2,,33,10:32:00 AM,60.00,0.50,0.00,0.50,,
EXAMPLE_AIR_w4,Rotor 2,2,,34,10:33:00 AM,60.00,0.75,0.00,0.75,,
EXAMPLE_AIR_w4,Rotor 2,2,,35,10:34:00 AM,60.00,0.50,0.00,0.50,,
EXAMPLE_AIR_w4,Rotor 2,2,,36,10:35:00 AM,60.00,0.50,0.00,0.50,,
EXAMPLE_AIR_w4,Rotor 2,2,,37,10:36:00 AM,60.00,0.25,0.00,0.25,,
EXAMPLE_AIR_w4,Rotor 2,2,,38,10:37:00 AM,60.00,0.50,0.00,0.50,,
EXAMPLE_AIR_w4,Rotor 2,2,,39,10:38:00 AM,60.00,0.50,0.00,0.50,,
EXAMPLE_AIR_w4,Rotor 2,2,,40,10:39:00 AM,60.00,0.75,0.00,0.75,,
EXAMPLE_AIR_w4,Rotor 2,2,,41,10:40:00 AM,60.00,1.00,0.00,1.00,,
EXAMPLE_AIR_w4,Rotor 2,2,,42,10:41:00 AM,60.00,1.00,0.00,1.00,,
EXAMPLE_AIR_w4,Rotor 2,2,,43,10:42:00 AM,60.00,1.00,0.00,1.00,,
EXAMPLE_AIR_w4,Rotor 2,2,,44,10:43:00 AM,60.00,1.00,0.00,1.00,,
EXAMPLE_AIR_w4,Rotor 2,2,,45,10:44:00 AM,60.00,1.50,0.00,1.50,,
EXAMPLE_AIR_w4,Rotor 2,2,,46,10:45:00 AM,60.00,1.50,0.00,1.50,,
EXAMPLE_AIR_w4,Rotor 2,2,,47,10:46:00 AM,60.00,1.50,0.00,1.50,,
EXAMPLE_AIR_w4,Rotor 2,2,,48,10:47:00 AM,60.00,1.25,0.00,1.25,,
EXAMPLE_AIR_w4,Rotor 2,2,,49,10:48:00 AM,60.00,1.00,0.00,1.00,,
EXAMPLE_AIR_w4,Rotor 2,2,,50,10:49:00 AM,60.00,0.75,0.00,0.75,,
EXAMPLE_AIR_w4,Rotor 2,2,,51,10:50:00 AM,60.00,1.25,0.00,1.25,,
EXAMPLE_AIR_w4,Rotor 2,2,,52,10:51:00 AM,60.00,1.25,0.00,1.25,,
EXAMPLE_AIR_w4,Rotor 2,2,,53,10:52:00 AM,60.00,1.00,0.00,1.00,,
EXAMPLE_AIR_w4,Rotor 2,2,,54,10:53:00 AM,60.00,1.00,0.00,1.00,,
EXAMPLE_AIR_w4,Rotor 2,2,,55,10:54:00 AM,60.00,0.75,0.00,0.75,,
EXAMPLE_AIR_w4,Rotor 2,2,,56,10:55:00 AM,60.00,1.25,0.00,1.25,,
EXAMPLE_AIR_w4,Rotor 2,2,,57,10:56:00 AM,60.00,1.25,0.00,1.25,,
EXAMPLE_AIR_w4,Rotor 2,2,,58,10:57:00 AM,60.00,1.25,0.00,1.25,,
EXAMPLE_AIR_w4,Rotor 2,2,,59,10:58:00 AM,60.00,1.25,0.00,1.25,,
EXAMPLE_AIR_w4,Rotor 2,2,,60,10:59:00 AM,60.00,1.25,0.00,1.25,,
EXAMPLE_AIR_w4,Rotor 2,2,,61,11:00:00 AM,60.00,1.25,0.00,1.25,,
EXAMPLE_AIR_w4,Rotor 2,2,,62,11:01:00 AM,60.00,1.25,0.00,1.25,,
EXAMPLE_AIR_w4,Rotor 2,2,,63,11:02:00 AM,60.00,1.25,0.00,1.25,,
EXAMPLE_AIR_w4,Rotor 2,2,,64,11:03:00 AM,60.00,1.25,0.00,1.25,,
EXAMPLE_AIR_w4,Rotor 2,2,,65,11:04:00 AM,60.00,1.25,0.00,1.25,,
EXAMPLE_AIR_w4,Rotor 2,2,,66,11:05:00 AM,60.00,1.00,0.00,1.00,,
EXAMPLE_AIR_w4,Rotor 2,2,,67,11:06:00 AM,60.00,1.00,0.00,1.00,,
EXAMPLE_AIR_w4,Rotor 2,2,,68,11:07:00 AM,60.00,0.75,0.00,0.75,,
EXAMPLE_AIR_w4,Rotor 2,2,,69,11:08:00 AM,60.00,0.50,0.00,0.50,,
EXAMPLE_AIR_w4,Rotor 2,2,,70,11:09:00 AM,60.00,0.25,0.00,0.25,,
EXAMPLE_AIR_w4,Rotor 2,2,,71,11:10:00 AM,60.00,0.75,0.00,0.75,,
EXAMPLE_AIR_w4,Rotor 2,2,,72,11:11:00 AM,60.00,1.00,0.00,1.00,,
EXAMPLE_AIR_w4,Rotor 2,2,,73,11:12:00 AM,60.00,1.00,0.00,1.00,,
EXAMPLE_AIR_w4,Rotor 2,2,,74,11:13:00 AM,60.00,1.25,0.00,1.25,,
EXAMPLE_AIR_w4,Rotor 2,2,,75,11:14:00 AM,60.00,1.00,0.00,1.00,,
EXAMPLE_AIR_w4,Rotor 2,2,,76,11:15:00 AM,60.00,1.00,0.00,1.00,,
EXAMPLE_AIR_w4,Rotor 2,2,,77,11:16:00 AM,60.00,0.75,0.00,0.75,,
EXAMPLE_AIR_w4,Rotor 2,2,,78,11:17:00 AM,60.00,0.50,0.00,0.50,,
EXAMPLE_AIR_w4,Rotor 2,2,,79,11:18:00 AM,60.00,0.50,0.00,0.50,,
EXAMPLE_AIR_w4,Rotor 2,2,,80,11:19:00 AM,60.00,0.75,0.00,0.75,,
EXAMPLE_AIR_w4,Rotor 2,2,,81,11:20:00 AM,60.00,0.75,0.00,0.75,,
EXAMPLE_AIR_w4,Rotor 2,2,,82,11:21:00 AM,60.00,1.00,0.00,1.00,,
EXAMPLE_AIR_w4,Rotor 2,2,,83,11:22:00 AM,60.00,0.50,0.00,0.50,,
EXAMPLE_AIR_w4,Rotor 2,2,,84,11:23:00 AM,60.00,0.50,0.00,0.50,,
EXAMPLE_AIR_w4,Rotor 2,2,,85,11:24:00 AM,60.00,0.50,0.00,0.50,,
EXAMPLE_AIR_w4,Rotor 2,2,,86,11:25:00 AM,60.00,0.50,0.00,0.50,,
EXAMPLE_AIR_w4,Rotor 2,2,,87,11:26:00 AM,60.00,0.75,0.00,0.75,,
EXAMPLE_AIR_w4,Rotor 2,2,,88,11:27:00 AM,60.00,0.75,0.00,0.75,,
EXAMPLE_AIR_w4,Rotor 2,2,,89,11:28:00 AM,60.00,1.00,0.00,1.00,,
EXAMPLE_AIR_w4,Rotor 2,2,,90,11:29:00 AM,60.00,0.75,0.00,0.75,,
EXAMPLE_AIR_w4,Rotor 3,3,,1,10:00:00 AM,60.00,0.00,0.50,-0.50,,
EXAMPLE_AIR_w4,Rotor 3,3,,2,10:01:00 AM,60.00,0.00,0.50,-0.50,,
EXAMPLE_AIR_w4,Rotor 3,3,,3,10:02:00 AM,60.00,0.00,0.75,-0.75,,
EXAMPLE_AIR_w4,Rotor 3,3,,4,10:03:00 AM,60.00,0.00,1.00,-1.00,,
EXAMPLE_AIR_w4,Rotor 3,3,,5,10:04:00 AM,60.00,0.00,0.75,-0.75,,
EXAMPLE_AIR_w4,Rotor 3,3,,6,10:05:00 AM,60.00,0.00,0.25,-0.25,,
EXAMPLE_AIR_w4,Rotor 3,3,,7,10:06:00 AM,60.00,0.00,0.25,-0.25,,
EXAMPLE_AIR_w4,Rotor 3,3,,8,10:07:00 AM,60.00,0.00,0.25,-0.25,,
EXAMPLE_AIR_w4,Rotor 3,3,,9,10:08:00 AM,60.00,0.00,0.25,-0.25,,
EXAMPLE_AIR_w4,Rotor 3,3,,10,10:09:00 AM,60.00,0.25,0.00,0.25,,
EXAMPLE_AIR_w4,Rotor 3,3,,11,10:10:00 AM,60.00,0.25,0.00,0.25,,
EXAMPLE_AIR_w4,Rotor 3,3,,12,10:11:00 AM,60.00,0.50,0.00,0.50,,
EXAMPLE_AIR_w4,Rotor 3,3,,13,10:12:00 AM,60.00,1.25,0.00,1.25,,
EXAMPLE_AIR_w4,Rotor 3,3,,14,10:13:00 AM,60.00,1.50,0.00,1.50,,
EXAMPLE_AIR_w4,Rotor 3,3,,15,10:14:00 AM,60.00,1.50,0.00,1.50,,
EXAMPLE_AIR_w4,Rotor 3,3,,16,10:15:00 AM,60.00,1.75,0.00,1.75,,
EXAMPLE_AIR_w4,Rotor 3,3,,17,10:16:00 AM,60.00,1.50,0.00,1.50,,
EXAMPLE_AIR_w4,Rotor 3,3,,18,10:17:00 AM,60.00,1.75,0.00,1.75,,
EXAMPLE_AIR_w4,Rotor 3,3,,19,10:18:00 AM,60.00,1.50,0.00,1.50,,
EXAMPLE_AIR_w4,Rotor 3,3,,20,10:19:00 AM,60.00,1.00,0.00,1.00,,
EXAMPLE_AIR_w4,Rotor 3,3,,21,10:20:00 AM,60.00,1.00,0.00,1.00,,
EXAMPLE_AIR_w4,Rotor 3,3,,22,10:21:00 AM,60.00,0.50,0.00,0.50,,
EXAMPLE_AIR_w4,Rotor 3,3,,23,10:22:00 AM,60.00,1.00,0.00,1.00,,
EXAMPLE_AIR_w4,Rotor 3,3,,24,10:23:00 AM,60.00,0.75,0.00,0.75,,
EXAMPLE_AIR_w4,Rotor 3,3,,25,10:24:00 AM,60.00,1.50,0.00,1.50,,
EXAMPLE_AIR_w4,Rotor 3,3,,26,10:25:00 AM,60.00,2.00,0.00,2.00,,
EXAMPLE_AIR_w4,Rotor 3,3,,27,10:26:00 AM,60.00,2.25,0.00,2.25,,
EXAMPLE_AIR_w4,Rotor 3,3,,28,10:27:00 AM,60.00,1.50,0.00,1.50,,
EXAMPLE_AIR_w4,Rotor 3,3,,29,10:28:00 AM,60.00,1.50,0.00,1.50,,
EXAMPLE_AIR_w4,Rotor 3,3,,30,10:29:00 AM,60.00,1.50,0.00,1.50,,
EXAMPLE_AIR_w4,Rotor 3,3,,31,10:30:00 AM,60.00,1.50,0.00,1.50,,
EXAMPLE_AIR_w4,Rotor 3,3,,32,10:31:00 AM,60.00,0.75,0.00,0.75,,
EXAMPLE_AIR_w4,Rotor 3,3,,33,10:32:00 AM,60.00,1.00,0.00,1.00,,
EXAMPLE_AIR_w4,Rotor 3,3,,34,10:33:00 AM,60.00,0.75,0.00,0.75,,
EXAMPLE_AIR_w4,Rotor 3,3,,35,10:34:00 AM,60.00,1.00,0.00,1.00,,
EXAMPLE_AIR_w4,Rotor 3,3,,36,10:35:00 AM,60.00,1.75,0.00,1.75,,
EXAMPLE_AIR_w4,Rotor 3,3,,37,10:36:00 AM,60.00,1.75,0.00,1.75,,
EXAMPLE_AIR_w4,Rotor 3,3,,38,10:37:00 AM,60.00,1.25,0.00,1.25,,
EXAMPLE_AIR_w4,Rotor 3,3,,39,10:38:00 AM,60.00,1.50,0.00,1.50,,
EXAMPLE_AIR_w4,Rotor 3,3,,40,10:39:00 AM,60.00,1.25,0.00,1.25,,
EXAMPLE_AIR_w4,Rotor 3,3,,41,10:40:00 AM,60.00,1.50,0.00,1.50,,
EXAMPLE_AIR_w4,Rotor 3,3,,42,10:41:00 AM,60.00,1.75,0.00,1.75,,
EXAMPLE_AIR_w4,Rotor 3,3,,43,10:42:00 AM,60.00,1.75,0.00,1.75,,
EXAMPLE_AIR_w4,Rotor 3,3,,44,10:43:00 AM,60.00,2.25,0.00,2.25,,
EXAMPLE_AIR_w4,Rotor 3,3,,45,10:44:00 AM,60.00,2.25,0.00,2.25,,
EXAMPLE_AIR_w4,Rotor 3,3,,46,10:45:00 AM,60.00,2.25,0.00,2.25,,
EXAMPLE_AIR_w4,Rotor 3,3,,47,10:46:00 AM,60.00,2.50,0.00,2.50,,
EXAMPLE_AIR_w4,Rotor 3,3,,48,10:47:00 AM,60.00,3.00,0.00,3.00,,
EXAMPLE_AIR_w4,Rotor 3,3,,49,10:48:00 AM,60.00,3.00,0.00,3.00,,
EXAMPLE_AIR_w4,Rotor 3,3,,50,10:49:00 AM,60.00,3.00,0.00,3.00,,
EXAMPLE_AIR_w4,Rotor 3,3,,51,10:50:00 AM,60.00,2.75,0.00,2.75,,
EXAMPLE_AIR_w4,Rotor 3,3,,52,10:51:00 AM,60.00,2.50,0.00,2.50,,
EXAMPLE_AIR_w4,Rotor 3,3,,53,10:52:00 AM,60.00,2.75,0.00,2.75,,
EXAMPLE_AIR_w4,Rotor 3,3,,54,10:53:00 AM,60.00,2.75,0.00,2.75,,
EXAMPLE_AIR_w4,Rotor 3,3,,55,10:54:00 AM,60.00,2.50,0.00,2.50,,
EXAMPLE_AIR_w4,Rotor 3,3,,56,10:55:00 AM,60.00,2.25,0.00,2.25,,
EXAMPLE_AIR_w4,Rotor 3,3,,57,10:56:00 AM,60.00,2.00,0.00,2.00,,
EXAMPLE_AIR_w4,Rotor 3,3,,58,10:57:00 AM,60.00,2.00,0.00,2.00,,
EXAMPLE_AIR_w4,Rotor 3,3,,59,10:58:00 AM,60.00,2.00,0.00,2.00,,
EXAMPLE_AIR_w4,Rotor 3,3,,60,10:59:00 AM,60.00,1.50,0.00,1.50,,
EXAMPLE_AIR_w4,Rotor 3,3,,61,11:00:00 AM,60.00,1.75,0.00,1.75,,
EXAMPLE_AIR_w4,Rotor 3,3,,62,11:01:00 AM,60.00,1.75,0.00,1.75,,
EXAMPLE_AIR_w4,Rotor 3,3,,63,11:02:00 AM,60.00,1.50,0.00,1.50,,
EXAMPLE_AIR_w4,Rotor 3,3,,64,11:03:00 AM,60.00,1.50,0.00,1.50,,
EXAMPLE_AIR_w4,Rotor 3,3,,65,11:04:00 AM,60.00,1.25,0.00,1.25,,
EXAMPLE_AIR_w4,Rotor 3,3,,66,11:05:00 AM,60.00,1.00,0.00,1.00,,
EXAMPLE_AIR_w4,Rotor 3,3,,67,11:06:00 AM,60.00,1.25,0.00,1.25,,
EXAMPLE_AIR_w4,Rotor 3,3,,68,11:07:00 AM,60.00,1.00,0.00,1.00,,
EXAMPLE_AIR_w4,Rotor 3,3,,69,11:08:00 AM,60.00,1.25,0.00,1.25,,
EXAMPLE_AIR_w4,Rotor 3,3,,70,11:09:00 AM,60.00,1.50,0.00,1.50,,
EXAMPLE_AIR_w4,Rotor 3,3,,71,11:10:00 AM,60.00,1.50,0.00,1.50,,
EXAMPLE_AIR_w4,Rotor 3,3,,72,11:11:00 AM,60.00,1.50,0.00,1.50,,
EXAMPLE_AIR_w4,Rotor 3,3,,73,11:12:00 AM,60.00,1.25,0.00,1.25,,
EXAMPLE_AIR_w4,Rotor 3,3,,74,11:13:00 AM,60.00,1.25,0.00,1.25,,
EXAMPLE_AIR_w4,Rotor 3,3,,75,11:14:00 AM,60.00,1.00,0.00,1.00,,
EXAMPLE_AIR_w4,Rotor 3,3,,76,11:15:00 AM,60.00,1.25,0.00,1.25,,
EXAMPLE_AIR_w4,Rotor 3,3,,77,11:16:00 AM,60.00,1.25,0.00,1.25,,
EXAMPLE_AIR_w4,Rotor 3,3,,78,11:17:00 AM,60.00,1.25,0.00,1.25,,
EXAMPLE_AIR_w4,Rotor 3,3,,79,11:18:00 AM,60.00,1.25,0.00,1.25,,
EXAMPLE_AIR_w4,Rotor 3,3,,80,11:19:00 AM,60.00,1.50,0.00,1.50,,
EXAMPLE_AIR_w4,Rotor 3,3,,81,11:20:00 AM,60.00,2.00,0.00,2.00,,
EXAMPLE_AIR_w4,Rotor 3,3,,82,11:21:00 AM,60.00,2.75,0.00,2.75,,
EXAMPLE_AIR_w4,Rotor 3,3,,83,11:22:00 AM,60.00,2.25,0.00,2.25,,
EXAMPLE_AIR_w4,Rotor 3,3,,84,11:23:00 AM,60.00,2.50,0.00,2.50,,
EXAMPLE_AIR_w4,Rotor 3,3,,85,11:24:00 AM,60.00,2.50,0.00,2.50,,
EXAMPLE_AIR_w4,Rotor 3,3,,86,11:25:00 AM,60.00,2.00,0.00,2.00,,
EXAMPLE_AIR_w4,Rotor 3,3,,87,11:26:00 AM,60.00,2.00,0.00,2.00,,
EXAMPLE_AIR_w4,Rotor 3,3,,88,11:27:00 AM,60.00,2.00,0.00,2.00,,
EXAMPLE_AIR_w4,Rotor 3,3,,89,11:28:00 AM,60.00,1.75,0.00,1.75,,
EXAMPLE_AIR_w4,Rotor 3,3,,90,11:29:00 AM,60.00,1.75,0.00,1.75,,
EXAMPLE_AIR_w4,Rotor 4,4,,1,10:00:00 AM,60.00,0.00,1.00,-1.00,,
EXAMPLE_AIR_w4,Rotor 4,4,,2,10:01:00 AM,60.00,1.75,0.00,1.75,,
EXAMPLE_AIR_w4,Rotor 4,4,,3,10:02:00 AM,60.00,0.75,0.00,0.75,,
EXAMPLE_AIR_w4,Rotor 4,4,,4,10:03:00 AM,60.00,1.50,0.00,1.50,,
EXAMPLE_AIR_w4,Rotor 4,4,,5,10:04:00 AM,60.00,1.50,0.00,1.50,,
EXAMPLE_AIR_w4,Rotor 4,4,,6,10:05:00 AM,60.00,2.50,0.00,2.50,,
EXAMPLE_AIR_w4,Rotor 4,4,,7,10:06:00 AM,60.00,4.25,0.00,4.25,,
EXAMPLE_AIR_w4,Rotor 4,4,,8,10:07:00 AM,60.00,5.25,0.00,5.25,,
EXAMPLE_AIR_w4,Rotor 4,4,,9,10:08:00 AM,60.00,4.25,0.00,4.25,,
EXAMPLE_AIR_w4,Rotor 4,4,,10,10:09:00 AM,60.00,4.00,0.00,4.00,,
EXAMPLE_AIR_w4,Rotor 4,4,,11,10:10:00 AM,60.00,3.25,0.00,3.25,,
EXAMPLE_AIR_w4,Rotor 4,4,,12,10:11:00 AM,60.00,2.00,0.00,2.00,,
EXAMPLE_AIR_w4,Rotor 4,4,,13,10:12:00 AM,60.00,4.00,0.00,4.00,,
EXAMPLE_AIR_w4,Rotor 4,4,,14,10:13:00 AM,60.00,4.25,0.00,4.25,,
EXAMPLE_AIR_w4,Rotor 4,4,,15,10:14:00 AM,60.00,4.25,0.00,4.25,,
EXAMPLE_AIR_w4,Rotor 4,4,,16,10:15:00 AM,60.00,3.50,0.00,3.50,,
EXAMPLE_AIR_w4,Rotor 4,4,,17,10:16:00 AM,60.00,3.75,0.00,3.75,,
EXAMPLE_AIR_w4,Rotor 4,4,,18,10:17:00 AM,60.00,3.75,0.00,3.75,,
EXAMPLE_AIR_w4,Rotor 4,4,,19,10:18:00 AM,60.00,2.50,0.00,2.50,,
EXAMPLE_AIR_w4,Rotor 4,4,,20,10:19:00 AM,60.00,2.00,0.00,2.00,,
EXAMPLE_AIR_w4,Rotor 4,4,,21,10:20:00 AM,60.00,2.00,0.00,2.00,,
EXAMPLE_AIR_w4,Rotor 4,4,,22,10:21:00 AM,60.00,1.50,0.00,1.50,,
EXAMPLE_AIR_w4,Rotor 4,4,,23,10:22:00 AM,60.00,3.25,0.00,3.25,,
EXAMPLE_AIR_w4,Rotor 4,4,,24,10:23:00 AM,60.00,2.25,0.00,2.25,,
EXAMPLE_AIR_w4,Rotor 4,4,,25,10:24:00 AM,60.00,1.75,0.00,1.75,,
EXAMPLE_AIR_w4,Rotor 4,4,,26,10:25:00 AM,60.00,1.75,0.00,1.75,,
EXAMPLE_AIR_w4,Rotor 4,4,,27,10:26:00 AM,60.00,2.00,0.00,2.00,,
EXAMPLE_AIR_w4,Rotor 4,4,,28,10:27:00 AM,60.00,1.50,0.00,1.50,,
EXAMPLE_AIR_w4,Rotor 4,4,,29,10:28:00 AM,60.00,1.75,0.00,1.75,,
EXAMPLE_AIR_w4,Rotor 4,4,,30,10:29:00 AM,60.00,2.00,0.00,2.00,,
EXAMPLE_AIR_w4,Rotor 4,4,,31,10:30:00 AM,60.00,1.50,0.00,1.50,,
EXAMPLE_AIR_w4,Rotor 4,4,,32,10:31:00 AM,60.00,2.75,0.00,2.75,,
EXAMPLE_AIR_w4,Rotor 4,4,,33,10:32:00 AM,60.00,2.50,0.00,2.50,,
EXAMPLE_AIR_w4,Rotor 4,4,,34,10:33:00 AM,60.00,2.00,0.00,2.00,,
EXAMPLE_AIR_w4,Rotor 4,4,,35,10:34:00 AM,60.00,1.50,0.00,1.50,,
EXAMPLE_AIR_w4,Rotor 4,4,,36,10:35:00 AM,60.00,1.50,0.00,1.50,,
EXAMPLE_AIR_w4,Rotor 4,4,,37,10:36:00 AM,60.00,1.25,0.00,1.25,,
EXAMPLE_AIR_w4,Rotor 4,4,,38,10:37:00 AM,60.00,1.00,0.00,1.00,,
EXAMPLE_AIR_w4,Rotor 4,4,,39,10:38:00 AM,60.00,1.50,0.00,1.50,,
EXAMPLE_AIR_w4,Rotor 4,4,,40,10:39:00 AM,60.00,2.00,0.00,2.00,,
EXAMPLE_AIR_w4,Rotor 4,4,,41,10:40:00 AM,60.00,2.50,0.00,2.50,,
EXAMPLE_AIR_w4,Rotor 4,4,,42,10:41:00 AM,60.00,3.50,0.00,3.50,,
EXAMPLE_AIR_w4,Rotor 4,4,,43,10:42:00 AM,60.00,4.75,0.00,4.75,,
EXAMPLE_AIR_w4,Rotor 4,4,,44,10:43:00 AM,60.00,4.75,0.00,4.75,,
EXAMPLE_AIR_w4,Rotor 4,4,,45,10:44:00 AM,60.00,5.00,0.00,5.00,,
EXAMPLE_AIR_w4,Rotor 4,4,,46,10:45:00 AM,60.00,5.25,0.00,5.25,,
EXAMPLE_AIR_w4,Rotor 4,4,,47,10:46:00 AM,60.00,4.25,0.00,4.25,,
EXAMPLE_AIR_w4,Rotor 4,4,,48,10:47:00 AM,60.00,4.50,0.00,4.50,,
EXAMPLE_AIR_w4,Rotor 4,4,,49,10:48:00 AM,60.00,4.25,0.00,4.25,,
EXAMPLE_AIR_w4,Rotor 4,4,,50,10:49:00 AM,60.00,5.50,0.00,5.50,,
EXAMPLE_AIR_w4,Rotor 4,4,,51,10:50:00 AM,60.00,5.25,0.00,5.25,,
EXAMPLE_AIR_w4,Rotor 4,4,,52,10:51:00 AM,60.00,6.00,0.00,6.00,,
EXAMPLE_AIR_w4,Rotor 4,4,,53,10:52:00 AM,60.00,5.25,0.00,5.25,,
EXAMPLE_AIR_w4,Rotor 4,4,,54,10:53:00 AM,60.00,3.00,0.00,3.00,,
EXAMPLE_AIR_w4,Rotor 4,4,,55,10:54:00 AM,60.00,4.25,0.00,4.25,,
EXAMPLE_AIR_w4,Rotor 4,4,,56,10:55:00 AM,60.00,5.75,0.00,5.75,,
EXAMPLE_AIR_w4,Rotor 4,4,,57,10:56:00 AM,60.00,4.50,0.00,4.50,,
EXAMPLE_AIR_w4,Rotor 4,4,,58,10:57:00 AM,60.00,3.25,0.00,3.25,,
EXAMPLE_AIR_w4,Rotor 4,4,,59,10:58:00 AM,60.00,3.00,0.00,3.00,,
EXAMPLE_AIR_w4,Rotor 4,4,,60,10:59:00 AM,60.00,2.50,0.00,2.50,,
EXAMPLE_AIR_w4,Rotor 4,4,,61,11:00:00 AM,60.00,5.00,0.00,5.00,,
EXAMPLE_AIR_w4,Rotor 4,4,,62,11:01:00 AM,60.00,5.25,0.00,5.25,,
EXAMPLE_AIR_w4,Rotor 4,4,,63,11:02:00 AM,60.00,4.75,0.00,4.75,,
EXAMPLE_AIR_w4,Rotor 4,4,,64,11:03:00 AM,60.00,6.25,0.00,6.25,,
EXAMPLE_AIR_w4,Rotor 4,4,,65,11:04:00 AM,60.00,5.50,0.00,5.50,,
EXAMPLE_AIR_w4,Rotor 4,4,,66,11:05:00 AM,60.00,5.50,0.00,5.50,,
EXAMPLE_AIR_w4,Rotor 4,4,,67,11:06:00 AM,60.00,5.75,0.00,5.75,,
EXAMPLE_AIR_w4,Rotor 4,4,,68,11:07:00 AM,60.00,5.00,0.00,5.00,,
EXAMPLE_AIR_w4,Rotor 4,4,,69,11:08:00 AM,60.00,4.75,0.00,4.75,,
EXAMPLE_AIR_w4,Rotor 4,4,,70,11:09:00 AM,60.00,5.00,0.00,5.00,,
EXAMPLE_AIR_w4,Rotor 4,4,,71,11:10:00 AM,60.00,5.25,0.00,5.25,,
EXAMPLE_AIR_w4,Rotor 4,4,,72,11:11:00 AM,60.00,6.00,0.00,6.00,,
EXAMPLE_AIR_w4,Rotor 4,4,,73,11:12:00 AM,60.00,6.25,0.00,6.25,,
EXAMPLE_AIR_w4,Rotor 4,4,,74,11:13:00 AM,60.00,6.25,0.00,6.25,,
EXAMPLE_AIR_w4,Rotor 4,4,,75,11:14:00 AM,60.00,5.25,0.00,5.25,,
EXAMPLE_AIR_w4,Rotor 4,4,,76,11:15:00 AM,60.00,5.75,0.00,5.75,,
EXAMPLE_AIR_w4,Rotor 4,4,,77,11:16:00 AM,60.00,6.25,0.00,6.25,,
EXAMPLE_AIR_w4,Rotor 4,4,,78,11:17:00 AM,60.00,6.00,0.00,6.00,,
EXAMPLE_AIR_w4,Rotor 4,4,,79,11:18:00 AM,60.00,4.75,0.00,4.75,,
EXAMPLE_AIR_w4,Rotor 4,4,,80,11:19:00 AM,60.00,4.75,0.00,4.75,,
EXAMPLE_AIR_w4,Rotor 4,4,,81,11:20:00 AM,60.00,4.50,0.00,4.50,,
EXAMPLE_AIR_w4,Rotor 4,4,,82,11:21:00 AM,60.00,5.00,0.00,5.00,,
EXAMPLE_AIR_w4,Rotor 4,4,,83,11:22:00 AM,60.00,5.00,0.00,5.00,,
EXAMPLE_AIR_w4,Rotor 4,4,,84,11:23:00 AM,60.00,3.75,0.00,3.75,,
EXAMPLE_AIR_w4,Rotor 4,4,,85,11:24:00 AM,60.00,5.75,0.00,5.75,,
EXAMPLE_AIR_w4,Rotor 4,4,,86,11:25:00 AM,60.00,4.50,0.00,4.50,,
EXAMPLE_AIR_w4,Rotor 4,4,,87,11:26:00 AM,60.00,4.50,0.00,4.50,,
EXAMPLE_AIR_w4,Rotor 4,4,,88,11:27:00 AM,60.00,5.75,0.00,5.75,,
EXAMPLE_AIR_w4,Rotor 4,4,,89,11:28:00 AM,60.00,4.25,0.00,4.25,,
EXAMPLE_AIR_w4,Rotor 4,4,,90,11:29:00 AM,60.00,4.75,0.00,4.75,,
EXAMPLE_AIR_w4,Rotor 5,5,,1,10:00:00 AM,60.00,1.25,0.00,1.25,,
EXAMPLE_AIR_w4,Rotor 5,5,,2,10:01:00 AM,60.00,1.00,0.00,1.00,,
EXAMPLE_AIR_w4,Rotor 5,5,,3,10:02:00 AM,60.00,0.25,0.00,0.25,,
EXAMPLE_AIR_w4,Rotor 5,5,,4,10:03:00 AM,60.00,0.00,0.25,-0.25,,
EXAMPLE_AIR_w4,Rotor 5,5,,5,10:04:00 AM,60.00,0.75,0.00,0.75,,
EXAMPLE_AIR_w4,Rotor 5,5,,6,10:05:00 AM,60.00,0.50,0.00,0.50,,
EXAMPLE_AIR_w4,Rotor 5,5,,7,10:06:00 AM,60.00,0.50,0.00,0.50,,
EXAMPLE_AIR_w4,Rotor 5,5,,8,10:07:00 AM,60.00,1.00,0.00,1.00,,
EXAMPLE_AIR_w4,Rotor 5,5,,9,10:08:00 AM,60.00,1.75,0.00,1.75,,
EXAMPLE_AIR_w4,Rotor 5,5,,10,10:09:00 AM,60.00,1.50,0.00,1.50,,
EXAMPLE_AIR_w4,Rotor 5,5,,11,10:10:00 AM,60.00,2.50,0.00,2.50,,
EXAMPLE_AIR_w4,Rotor 5,5,,12,10:11:00 AM,60.00,1.75,0.00,1.75,,
EXAMPLE_AIR_w4,Rotor 5,5,,13,10:12:00 AM,60.00,2.00,0.00,2.00,,
EXAMPLE_AIR_w4,Rotor 5,5,,14,10:13:00 AM,60.00,3.50,0.00,3.50,,
EXAMPLE_AIR_w4,Rotor 5,5,,15,10:14:00 AM,60.00,3.50,0.00,3.50,,
EXAMPLE_AIR_w4,Rotor 5,5,,16,10:15:00 AM,60.00,3.50,0.00,3.50,,
EXAMPLE_AIR_w4,Rotor 5,5,,17,10:16:00 AM,60.00,3.50,0.00,3.50,,
EXAMPLE_AIR_w4,Rotor 5,5,,18,10:17:00 AM,60.00,4.75,0.00,4.75,,
EXAMPLE_AIR_w4,Rotor 5,5,,19,10:18:00 AM,60.00,4.25,0.00,4.25,,
EXAMPLE_AIR_w4,Rotor 5,5,,20,10:19:00 AM,60.00,3.75,0.00,3.75,,
EXAMPLE_AIR_w4,Rotor 5,5,,21,10:20:00 AM,60.00,3.25,0.00,3.25,,
EXAMPLE_AIR_w4,Rotor 5,5,,22,10:21:00 AM,60.00,2.75,0.00,2.75,,
EXAMPLE_AIR_w4,Rotor 5,5,,23,10:22:00 AM,60.00,3.00,0.00,3.00,,
EXAMPLE_AIR_w4,Rotor 5,5,,24,10:23:00 AM,60.00,4.50,0.00,4.50,,
EXAMPLE_AIR_w4,Rotor 5,5,,25,10:24:00 AM,60.00,5.00,0.00,5.00,,
EXAMPLE_AIR_w4,Rotor 5,5,,26,10:25:00 AM,60.00,4.25,0.00,4.25,,
EXAMPLE_AIR_w4,Rotor 5,5,,27,10:26:00 AM,60.00,4.25,0.00,4.25,,
EXAMPLE_AIR_w4,Rotor 5,5,,28,10:27:00 AM,60.00,3.50,0.00,3.50,,
EXAMPLE_AIR_w4,Rotor 5,5,,29,10:28:00 AM,60.00,3.50,0.00,3.50,,
EXAMPLE_AIR_w4,Rotor 5,5,,30,10:29:00 AM,60.00,4.25,0.00,4.25,,
EXAMPLE_AIR_w4,Rotor 5,5,,31,10:30:00 AM,60.00,3.50,0.00,3.50,,
EXAMPLE_AIR_w4,Rotor 5,5,,32,10:31:00 AM,60.00,2.25,0.00,2.25,,
EXAMPLE_AIR_w4,Rotor 5,5,,33,10:32:00 AM,60.00,2.25,0.00,2.25,,
EXAMPLE_AIR_w4,Rotor 5,5,,34,10:33:00 AM,60.00,2.25,0.00,2.25,,
EXAMPLE_AIR_w4,Rotor 5,5,,35,10:34:00 AM,60.00,2.25,0.00,2.25,,
EXAMPLE_AIR_w4,Rotor 5,5,,36,10:35:00 AM,60.00,3.25,0.00,3.25,,
EXAMPLE_AIR_w4,Rotor 5,5,,37,10:36:00 AM,60.00,3.75,0.00,3.75,,
EXAMPLE_AIR_w4,Rotor 5,5,,38,10:37:00 AM,60.00,3.50,0.00,3.50,,
EXAMPLE_AIR_w4,Rotor 5,5,,39,10:38:00 AM,60.00,4.25,0.00,4.25,,
EXAMPLE_AIR_w4,Rotor 5,5,,40,10:39:00 AM,60.00,4.50,0.00,4.50,,
EXAMPLE_AIR_w4,Rotor 5,5,,41,10:40:00 AM,60.00,4.00,0.00,4.00,,
EXAMPLE_AIR_w4,Rotor 5,5,,42,10:41:00 AM,60.00,5.25,0.00,5.25,,
EXAMPLE_AIR_w4,Rotor 5,5,,43,10:42:00 AM,60.00,5.00,0.00,5.00,,
EXAMPLE_AIR_w4,Rotor 5,5,,44,10:43:00 AM,60.00,4.50,0.00,4.50,,
EXAMPLE_AIR_w4,Rotor 5,5,,45,10:44:00 AM,60.00,4.00,0.00,4.00,,
EXAMPLE_AIR_w4,Rotor 5,5,,46,10:45:00 AM,60.00,4.50,0.00,4.50,,
EXAMPLE_AIR_w4,Rotor 5,5,,47,10:46:00 AM,60.00,3.50,0.00,3.50,,
EXAMPLE_AIR_w4,Rotor 5,5,,48,10:47:00 AM,60.00,3.50,0.00,3.50,,
EXAMPLE_AIR_w4,Rotor 5,5,,49,10:48:00 AM,60.00,2.75,0.00,2.75,,
EXAMPLE_AIR_w4,Rotor 5,5,,50,10:49:00 AM,60.00,3.75,0.00,3.75,,
EXAMPLE_AIR_w4,Rotor 5,5,,51,10:50:00 AM,60.00,4.00,0.00,4.00,,
EXAMPLE_AIR_w4,Rotor 5,5,,52,10:51:00 AM,60.00,5.50,0.00,5.50,,
EXAMPLE_AIR_w4,Rotor 5,5,,53,10:52:00 AM,60.00,5.25,0.00,5.25,,
EXAMPLE_AIR_w4,Rotor 5,5,,54,10:53:00 AM,60.00,5.00,0.00,5.00,,
EXAMPLE_AIR_w4,Rotor 5,5,,55,10:54:00 AM,60.00,3.75,0.00,3.75,,
EXAMPLE_AIR_w4,Rotor 5,5,,56,10:55:00 AM,60.00,2.50,0.00,2.50,,
EXAMPLE_AIR_w4,Rotor 5,5,,57,10:56:00 AM,60.00,2.75,0.00,2.75,,
EXAMPLE_AIR_w4,Rotor 5,5,,58,10:57:00 AM,60.00,3.00,0.00,3.00,,
EXAMPLE_AIR_w4,Rotor 5,5,,59,10:58:00 AM,60.00,3.50,0.00,3.50,,
EXAMPLE_AIR_w4,Rotor 5,5,,60,10:59:00 AM,60.00,3.00,0.00,3.00,,
EXAMPLE_AIR_w4,Rotor 5,5,,61,11:00:00 AM,60.00,4.75,0.00,4.75,,
EXAMPLE_AIR_w4,Rotor 5,5,,62,11:01:00 AM,60.00,4.50,0.00,4.50,,
EXAMPLE_AIR_w4,Rotor 5,5,,63,11:02:00 AM,60.00,4.75,0.00,4.75,,
EXAMPLE_AIR_w4,Rotor 5,5,,64,11:03:00 AM,60.00,4.00,0.00,4.00,,
EXAMPLE_AIR_w4,Rotor 5,5,,65,11:04:00 AM,60.00,3.75,0.00,3.75,,
EXAMPLE_AIR_w4,Rotor 5,5,,66,11:05:00 AM,60.00,3.75,0.00,3.75,,
EXAMPLE_AIR_w4,Rotor 5,5,,67,11:06:00 AM,60.00,4.50,0.00,4.50,,
EXAMPLE_AIR_w4,Rotor 5,5,,68,11:07:00 AM,60.00,4.25,0.00,4.25,,
EXAMPLE_AIR_w4,Rotor 5,5,,69,11:08:00 AM,60.00,5.25,0.00,5.25,,
EXAMPLE_AIR_w4,Rotor 5,5,,70,11:09:00 AM,60.00,6.00,0.00,6.00,,
EXAMPLE_AIR_w4,Rotor 5,5,,71,11:10:00 AM,60.00,6.00,0.00,6.00,,
EXAMPLE_AIR_w4,Rotor 5,5,,72,11:11:00 AM,60.00,6.50,0.00,6.50,,
EXAMPLE_AIR_w4,Rotor 5,5,,73,11:12:00 AM,60.00,6.00,0.00,6.00,,
EXAMPLE_AIR_w4,Rotor 5,5,,74,11:13:00 AM,60.00,5.25,0.00,5.25,,
EXAMPLE_AIR_w4,Rotor 5,5,,75,11:14:00 AM,60.00,4.75,0.00,4.75,,
EXAMPLE_AIR_w4,Rotor 5,5,,76,11:15:00 AM,60.00,4.25,0.00,4.25,,
EXAMPLE_AIR_w4,Rotor 5,5,,77,11:16:00 AM,60.00,5.50,0.00,5.50,,
EXAMPLE_AIR_w4,Rotor 5,5,,78,11:17:00 AM,60.00,4.75,0.00,4.75,,
EXAMPLE_AIR_w4,Rotor 5,5,,79,11:18:00 AM,60.00,5.00,0.00,5.00,,
EXAMPLE_AIR_w4,Rotor 5,5,,80,11:19:00 AM,60.00,5.00,0.00,5.00,,
EXAMPLE_AIR_w4,Rotor 5,5,,81,11:20:00 AM,60.00,5.50,0.00,5.50,,
EXAMPLE_AIR_w4,Rotor 5,5,,82,11:21:00 AM,60.00,4.50,0.00,4.50,,
EXAMPLE_AIR_w4,Rotor 5,5,,83,11:22:00 AM,60.00,6.00,0.00,6.00,,
EXAMPLE_AIR_w4,Rotor 5,5,,84,11:23:00 AM,60.00,6.75,0.00,6.75,,
EXAMPLE_AIR_w4,Rotor 5,5,,85,11:24:00 AM,60.00,4.50,0.00,4.50,,
EXAMPLE_AIR_w4,Rotor 5,5,,86,11:25:00 AM,60.00,4.50,0.00,4.50,,
EXAMPLE_AIR_w4,Rotor 5,5,,87,11:26:00 AM,60.00,5.50,0.00,5.50,,
EXAMPLE_AIR_w4,Rotor 5,5,,88,11:27:00 AM,60.00,6.25,0.00,6.25,,
EXAMPLE_AIR_w4,Rotor 5,5,,89,11:28:00 AM,60.00,6.25,0.00,6.25,,
EXAMPLE_AIR_w4,Rotor 5,5,,90,11:29:00 AM,60.00,5.75,0.00,5.75,,
EXAMPLE_AIR_w4,Rotor 6,6,,1,10:00:00 AM,60.00,0.50,0.00,0.50,,
EXAMPLE_AIR_w4,Rotor 6,6,,2,10:01:00 AM,60.00,0.00,1.00,-1.00,,
EXAMPLE_AIR_w4,Rotor 6,6,,3,10:02:00 AM,60.00,0.00,1.75,-1.75,,
EXAMPLE_AIR_w4,Rotor 6,6,,4,10:03:00 AM,60.00,0.00,2.00,-2.00,,
EXAMPLE_AIR_w4,Rotor 6,6,,5,10:04:00 AM,60.00,1.25,0.00,1.25,,
EXAMPLE_AIR_w4,Rotor 6,6,,6,10:05:00 AM,60.00,2.50,0.00,2.50,,
EXAMPLE_AIR_w4,Rotor 6,6,,7,10:06:00 AM,60.00,3.50,0.00,3.50,,
EXAMPLE_AIR_w4,Rotor 6,6,,8,10:07:00 AM,60.00,3.00,0.00,3.00,,
EXAMPLE_AIR_w4,Rotor 6,6,,9,10:08:00 AM,60.00,1.25,0.00,1.25,,
EXAMPLE_AIR_w4,Rotor 6,6,,10,10:09:00 AM,60.00,1.75,0.00,1.75,,
EXAMPLE_AIR_w4,Rotor 6,6,,11,10:10:00 AM,60.00,0.50,0.00,0.50,,
EXAMPLE_AIR_w4,Rotor 6,6,,12,10:11:00 AM,60.00,-0.00,0.00,-0.00,,
EXAMPLE_AIR_w4,Rotor 6,6,,13,10:12:00 AM,60.00,1.00,0.00,1.00,,
EXAMPLE_AIR_w4,Rotor 6,6,,14,10:13:00 AM,60.00,5.50,0.00,5.50,,
EXAMPLE_AIR_w4,Rotor 6,6,,15,10:14:00 AM,60.00,4.50,0.00,4.50,,
EXAMPLE_AIR_w4,Rotor 6,6,,16,10:15:00 AM,60.00,5.50,0.00,5.50,,
EXAMPLE_AIR_w4,Rotor 6,6,,17,10:16:00 AM,60.00,2.50,0.00,2.50,,
EXAMPLE_AIR_w4,Rotor 6,6,,18,10:17:00 AM,60.00,4.50,0.00,4.50,,
EXAMPLE_AIR_w4,Rotor 6,6,,19,10:18:00 AM,60.00,5.50,0.00,5.50,,
EXAMPLE_AIR_w4,Rotor 6,6,,20,10:19:00 AM,60.00,6.50,0.00,6.50,,
EXAMPLE_AIR_w4,Rotor 6,6,,21,10:20:00 AM,60.00,3.75,0.00,3.75,,
EXAMPLE_AIR_w4,Rotor 6,6,,22,10:21:00 AM,60.00,3.50,0.00,3.50,,
EXAMPLE_AIR_w4,Rotor 6,6,,23,10:22:00 AM,60.00,2.25,0.00,2.25,,
EXAMPLE_AIR_w4,Rotor 6,6,,24,10:23:00 AM,60.00,0.00,0.75,-0.75,,
EXAMPLE_AIR_w4,Rotor 6,6,,25,10:24:00 AM,60.00,0.00,3.50,-3.50,,
EXAMPLE_AIR_w4,Rotor 6,6,,26,10:25:00 AM,60.00,0.00,4.00,-4.00,,
EXAMPLE_AIR_w4,Rotor 6,6,,27,10:26:00 AM,60.00,0.00,5.25,-5.25,,
EXAMPLE_AIR_w4,Rotor 6,6,,28,10:27:00 AM,60.00,0.00,2.75,-2.75,,
EXAMPLE_AIR_w4,Rotor 6,6,,29,10:28:00 AM,60.00,0.00,0.25,-0.25,,
EXAMPLE_AIR_w4,Rotor 6,6,,30,10:29:00 AM,60.00,-0.00,0.00,-0.00,,
EXAMPLE_AIR_w4,Rotor 6,6,,31,10:30:00 AM,60.00,0.00,0.25,-0.25,,
EXAMPLE_AIR_w4,Rotor 6,6,,32,10:31:00 AM,60.00,0.75,0.00,0.75,,
EXAMPLE_AIR_w4,Rotor 6,6,,33,10:32:00 AM,60.00,3.75,0.00,3.75,,
EXAMPLE_AIR_w4,Rotor 6,6,,34,10:33:00 AM,60.00,3.75,0.00,3.75,,
EXAMPLE_AIR_w4,Rotor 6,6,,35,10:34:00 AM,60.00,4.50,0.00,4.50,,
EXAMPLE_AIR_w4,Rotor 6,6,,36,10:35:00 AM,60.00,5.75,0.00,5.75,,
EXAMPLE_AIR_w4,Rotor 6,6,,37,10:36:00 AM,60.00,6.75,0.00,6.75,,
EXAMPLE_AIR_w4,Rotor 6,6,,38,10:37:00 AM,60.00,7.00,0.00,7.00,,
EXAMPLE_AIR_w4,Rotor 6,6,,39,10:38:00 AM,60.00,8.25,0.00,8.25,,
EXAMPLE_AIR_w4,Rotor 6,6,,40,10:39:00 AM,60.00,5.25,0.00,5.25,,
EXAMPLE_AIR_w4,Rotor 6,6,,41,10:40:00 AM,60.00,7.00,0.00,7.00,,
EXAMPLE_AIR_w4,Rotor 6,6,,42,10:41:00 AM,60.00,7.00,0.00,7.00,,
EXAMPLE_AIR_w4,Rotor 6,6,,43,10:42:00 AM,60.00,8.50,0.00,8.50,,
EXAMPLE_AIR_w4,Rotor 6,6,,44,10:43:00 AM,60.00,8.75,0.00,8.75,,
EXAMPLE_AIR_w4,Rotor 6,6,,45,10:44:00 AM,60.00,9.50,0.00,9.50,,
EXAMPLE_AIR_w4,Rotor 6,6,,46,10:45:00 AM,60.00,8.00,0.00,8.00,,
EXAMPLE_AIR_w4,Rotor 6,6,,47,10:46:00 AM,60.00,9.25,0.00,9.25,,
EXAMPLE_AIR_w4,Rotor 6,6,,48,10:47:00 AM,60.00,8.75,0.00,8.75,,
EXAMPLE_AIR_w4,Rotor 6,6,,49,10:48:00 AM,60.00,5.50,0.00,5.50,,
EXAMPLE_AIR_w4,Rotor 6,6,,50,10:49:00 AM,60.00,5.00,0.00,5.00,,
EXAMPLE_AIR_w4,Rotor 6,6,,51,10:50:00 AM,60.00,7.50,0.00,7.50,,
EXAMPLE_AIR_w4,Rotor 6,6,,52,10:51:00 AM,60.00,5.75,0.00,5.75,,
EXAMPLE_AIR_w4,Rotor 6,6,,53,10:52:00 AM,60.00,5.50,0.00,5.50,,
EXAMPLE_AIR_w4,Rotor 6,6,,54,10:53:00 AM,60.00,8.25,0.00,8.25,,
EXAMPLE_AIR_w4,Rotor 6,6,,55,10:54:00 AM,60.00,6.50,0.00,6.50,,
EXAMPLE_AIR_w4,Rotor 6,6,,56,10:55:00 AM,60.00,5.25,0.00,5.25,,
EXAMPLE_AIR_w4,Rotor 6,6,,57,10:56:00 AM,60.00,3.50,0.00,3.50,,
EXAMPLE_AIR_w4,Rotor 6,6,,58,10:57:00 AM,60.00,6.00,0.00,6.00,,
EXAMPLE_AIR_w4,Rotor 6,6,,59,10:58:00 AM,60.00,6.50,0.00,6.50,,
EXAMPLE_AIR_w4,Rotor 6,6,,60,10:59:00 AM,60.00,6.50,0.00,6.50,,
EXAMPLE_AIR_w4,Rotor 6,6,,61,11:00:00 AM,60.00,6.00,0.00,6.00,,
EXAMPLE_AIR_w4,Rotor 6,6,,62,11:01:00 AM,60.00,8.50,0.00,8.50,,
EXAMPLE_AIR_w4,Rotor 6,6,,63,11:02:00 AM,60.00,6.50,0.00,6.50,,
EXAMPLE_AIR_w4,Rotor 6,6,,64,11:03:00 AM,60.00,8.50,0.00,8.50,,
EXAMPLE_AIR_w4,Rotor 6,6,,65,11:04:00 AM,60.00,8.00,0.00,8.00,,
EXAMPLE_AIR_w4,Rotor 6,6,,66,11:05:00 AM,60.00,9.50,0.00,9.50,,
EXAMPLE_AIR_w4,Rotor 6,6,,67,11:06:00 AM,60.00,9.25,0.00,9.25,,
EXAMPLE_AIR_w4,Rotor 6,6,,68,11:07:00 AM,60.00,8.00,0.00,8.00,,
EXAMPLE_AIR_w4,Rotor 6,6,,69,11:08:00 AM,60.00,9.25,0.00,9.25,,
EXAMPLE_AIR_w4,Rotor 6,6,,70,11:09:00 AM,60.00,8.25,0.00,8.25,,
EXAMPLE_AIR_w4,Rotor 6,6,,71,11:10:00 AM,60.00,9.00,0.00,9.00,,
EXAMPLE_AIR_w4,Rotor 6,6,,72,11:11:00 AM,60.00,11.75,0.00,11.75,,
EXAMPLE_AIR_w4,Rotor 6,6,,73,11:12:00 AM,60.00,9.75,0.00,9.75,,
EXAMPLE_AIR_w4,Rotor 6,6,,74,11:13:00 AM,60.00,8.50,0.00,8.50,,
EXAMPLE_AIR_w4,Rotor 6,6,,75,11:14:00 AM,60.00,7.00,0.00,7.00,,
EXAMPLE_AIR_w4,Rotor 6,6,,76,11:15:00 AM,60.00,6.00,0.00,6.00,,
EXAMPLE_AIR_w4,Rotor 6,6,,77,11:16:00 AM,60.00,7.75,0.00,7.75,,
EXAMPLE_AIR_w4,Rotor 6,6,,78,11:17:00 AM,60.00,6.00,0.00,6.00,,
EXAMPLE_AIR_w4,Rotor 6,6,,79,11:18:00 AM,60.00,6.00,0.00,6.00,,
EXAMPLE_AIR_w4,Rotor 6,6,,80,11:19:00 AM,60.00,3.75,0.00,3.75,,
EXAMPLE_AIR_w4,Rotor 6,6,,81,11:20:00 AM,60.00,2.75,0.00,2.75,,
EXAMPLE_AIR_w4,Rotor 6,6,,82,11:21:00 AM,60.00,4.00,0.00,4.00,,
EXAMPLE_AIR_w4,Rotor 6,6,,83,11:22:00 AM,60.00,7.25,0.00,7.25,,
EXAMPLE_AIR_w4,Rotor 6,6,,84,11:23:00 AM,60.00,8.75,0.00,8.75,,
EXAMPLE_AIR_w4,Rotor 6,6,,85,11:24:00 AM,60.00,9.75,0.00,9.75,,
EXAMPLE_AIR_w4,Rotor 6,6,,86,11:25:00 AM,60.00,10.25,0.00,10.25,,
EXAMPLE_AIR_w4,Rotor 6,6,,87,11:26:00 AM,60.00,12.00,0.00,12.00,,
EXAMPLE_AIR_w4,Rotor 6,6,,88,11:27:00 AM,60.00,12.00,0.00,12.00,,
EXAMPLE_AIR_w4,Rotor 6,6,,89,11:28:00 AM,60.00,12.50,0.00,12.50,,
EXAMPLE_AIR_w4,Rotor 6,6,,90,11:29:00 AM,60.00,13.00,0.00,13.00,,
EXAMPLE_AIR_w4,Rotor 7,7,,1,10:00:00 AM,60.00,1.75,0.00,1.75,,
EXAMPLE_AIR_w4,Rotor 7,7,,2,10:01:00 AM,60.00,1.00,0.00,1.00,,
EXAMPLE_AIR_w4,Rotor 7,7,,3,10:02:00 AM,60.00,0.25,0.00,0.25,,
EXAMPLE_AIR_w4,Rotor 7,7,,4,10:03:00 AM,60.00,0.25,0.00,0.25,,
EXAMPLE_AIR_w4,Rotor 7,7,,5,10:04:00 AM,60.00,2.75,0.00,2.75,,
EXAMPLE_AIR_w4,Rotor 7,7,,6,10:05:00 AM,60.00,2.25,0.00,2.25,,
EXAMPLE_AIR_w4,Rotor 7,7,,7,10:06:00 AM,60.00,1.00,0.00,1.00,,
EXAMPLE_AIR_w4,Rotor 7,7,,8,10:07:00 AM,60.00,1.00,0.00,1.00,,
EXAMPLE_AIR_w4,Rotor 7,7,,9,10:08:00 AM,60.00,0.00,1.00,-1.00,,
EXAMPLE_AIR_w4,Rotor 7,7,,10,10:09:00 AM,60.00,0.00,0.75,-0.75,,
EXAMPLE_AIR_w4,Rotor 7,7,,11,10:10:00 AM,60.00,0.50,0.00,0.50,,
EXAMPLE_AIR_w4,Rotor 7,7,,12,10:11:00 AM,60.00,2.75,0.00,2.75,,
EXAMPLE_AIR_w4,Rotor 7,7,,13,10:12:00 AM,60.00,3.75,0.00,3.75,,
EXAMPLE_AIR_w4,Rotor 7,7,,14,10:13:00 AM,60.00,3.00,0.00,3.00,,
EXAMPLE_AIR_w4,Rotor 7,7,,15,10:14:00 AM,60.00,3.25,0.00,3.25,,
EXAMPLE_AIR_w4,Rotor 7,7,,16,10:15:00 AM,60.00,4.00,0.00,4.00,,
EXAMPLE_AIR_w4,Rotor 7,7,,17,10:16:00 AM,60.00,5.50,0.00,5.50,,
EXAMPLE_AIR_w4,Rotor 7,7,,18,10:17:00 AM,60.00,5.00,0.00,5.00,,
EXAMPLE_AIR_w4,Rotor 7,7,,19,10:18:00 AM,60.00,4.25,0.00,4.25,,
EXAMPLE_AIR_w4,Rotor 7,7,,20,10:19:00 AM,60.00,5.25,0.00,5.25,,
EXAMPLE_AIR_w4,Rotor 7,7,,21,10:20:00 AM,60.00,5.25,0.00,5.25,,
EXAMPLE_AIR_w4,Rotor 7,7,,22,10:21:00 AM,60.00,6.25,0.00,6.25,,
EXAMPLE_AIR_w4,Rotor 7,7,,23,10:22:00 AM,60.00,4.50,0.00,4.50,,
EXAMPLE_AIR_w4,Rotor 7,7,,24,10:23:00 AM,60.00,5.00,0.00,5.00,,
EXAMPLE_AIR_w4,Rotor 7,7,,25,10:24:00 AM,60.00,4.75,0.00,4.75,,
EXAMPLE_AIR_w4,Rotor 7,7,,26,10:25:00 AM,60.00,5.00,0.00,5.00,,
EXAMPLE_AIR_w4,Rotor 7,7,,27,10:26:00 AM,60.00,4.75,0.00,4.75,,
EXAMPLE_AIR_w4,Rotor 7,7,,28,10:27:00 AM,60.00,3.00,0.00,3.00,,
EXAMPLE_AIR_w4,Rotor 7,7,,29,10:28:00 AM,60.00,4.25,0.00,4.25,,
EXAMPLE_AIR_w4,Rotor 7,7,,30,10:29:00 AM,60.00,4.75,0.00,4.75,,
EXAMPLE_AIR_w4,Rotor 7,7,,31,10:30:00 AM,60.00,4.25,0.00,4.25,,
EXAMPLE_AIR_w4,Rotor 7,7,,32,10:31:00 AM,60.00,3.25,0.00,3.25,,
EXAMPLE_AIR_w4,Rotor 7,7,,33,10:32:00 AM,60.00,3.50,0.00,3.50,,
EXAMPLE_AIR_w4,Rotor 7,7,,34,10:33:00 AM,60.00,4.00,0.00,4.00,,
EXAMPLE_AIR_w4,Rotor 7,7,,35,10:34:00 AM,60.00,4.25,0.00,4.25,,
EXAMPLE_AIR_w4,Rotor 7,7,,36,10:35:00 AM,60.00,5.00,0.00,5.00,,
EXAMPLE_AIR_w4,Rotor 7,7,,37,10:36:00 AM,60.00,4.50,0.00,4.50,,
EXAMPLE_AIR_w4,Rotor 7,7,,38,10:37:00 AM,60.00,4.00,0.00,4.00,,
EXAMPLE_AIR_w4,Rotor 7,7,,39,10:38:00 AM,60.00,3.50,0.00,3.50,,
EXAMPLE_AIR_w4,Rotor 7,7,,40,10:39:00 AM,60.00,2.75,0.00,2.75,,
EXAMPLE_AIR_w4,Rotor 7,7,,41,10:40:00 AM,60.00,2.75,0.00,2.75,,
EXAMPLE_AIR_w4,Rotor 7,7,,42,10:41:00 AM,60.00,3.75,0.00,3.75,,
EXAMPLE_AIR_w4,Rotor 7,7,,43,10:42:00 AM,60.00,2.75,0.00,2.75,,
EXAMPLE_AIR_w4,Rotor 7,7,,44,10:43:00 AM,60.00,1.75,0.00,1.75,,
EXAMPLE_AIR_w4,Rotor 7,7,,45,10:44:00 AM,60.00,1.25,0.00,1.25,,
EXAMPLE_AIR_w4,Rotor 7,7,,46,10:45:00 AM,60.00,2.50,0.00,2.50,,
EXAMPLE_AIR_w4,Rotor 7,7,,47,10:46:00 AM,60.00,3.25,0.00,3.25,,
EXAMPLE_AIR_w4,Rotor 7,7,,48,10:47:00 AM,60.00,4.75,0.00,4.75,,
EXAMPLE_AIR_w4,Rotor 7,7,,49,10:48:00 AM,60.00,3.50,0.00,3.50,,
EXAMPLE_AIR_w4,Rotor 7,7,,50,10:49:00 AM,60.00,3.25,0.00,3.25,,
EXAMPLE_AIR_w4,Rotor 7,7,,51,10:50:00 AM,60.00,4.00,0.00,4.00,,
EXAMPLE_AIR_w4,Rotor 7,7,,52,10:51:00 AM,60.00,5.25,0.00,5.25,,
EXAMPLE_AIR_w4,Rotor 7,7,,53,10:52:00 AM,60.00,5.25,0.00,5.25,,
EXAMPLE_AIR_w4,Rotor 7,7,,54,10:53:00 AM,60.00,5.75,0.00,5.75,,
EXAMPLE_AIR_w4,Rotor 7,7,,55,10:54:00 AM,60.00,5.75,0.00,5.75,,
EXAMPLE_AIR_w4,Rotor 7,7,,56,10:55:00 AM,60.00,4.00,0.00,4.00,,
EXAMPLE_AIR_w4,Rotor 7,7,,57,10:56:00 AM,60.00,3.50,0.00,3.50,,
EXAMPLE_AIR_w4,Rotor 7,7,,58,10:57:00 AM,60.00,4.75,0.00,4.75,,
EXAMPLE_AIR_w4,Rotor 7,7,,59,10:58:00 AM,60.00,5.00,0.00,5.00,,
EXAMPLE_AIR_w4,Rotor 7,7,,60,10:59:00 AM,60.00,3.25,0.00,3.25,,
EXAMPLE_AIR_w4,Rotor 7,7,,61,11:00:00 AM,60.00,3.00,0.00,3.00,,
EXAMPLE_AIR_w4,Rotor 7,7,,62,11:01:00 AM,60.00,2.50,0.00,2.50,,
EXAMPLE_AIR_w4,Rotor 7,7,,63,11:02:00 AM,60.00,3.75,0.00,3.75,,
EXAMPLE_AIR_w4,Rotor 7,7,,64,11:03:00 AM,60.00,5.00,0.00,5.00,,
EXAMPLE_AIR_w4,Rotor 7,7,,65,11:04:00 AM,60.00,4.00,0.00,4.00,,
EXAMPLE_AIR_w4,Rotor 7,7,,66,11:05:00 AM,60.00,4.25,0.00,4.25,,
EXAMPLE_AIR_w4,Rotor 7,7,,67,11:06:00 AM,60.00,4.25,0.00,4.25,,
EXAMPLE_AIR_w4,Rotor 7,7,,68,11:07:00 AM,60.00,5.75,0.00,5.75,,
EXAMPLE_AIR_w4,Rotor 7,7,,69,11:08:00 AM,60.00,5.00,0.00,5.00,,
EXAMPLE_AIR_w4,Rotor 7,7,,70,11:09:00 AM,60.00,5.75,0.00,5.75,,
EXAMPLE_AIR_w4,Rotor 7,7,,71,11:10:00 AM,60.00,5.50,0.00,5.50,,
EXAMPLE_AIR_w4,Rotor 7,7,,72,11:11:00 AM,60.00,4.50,0.00,4.50,,
EXAMPLE_AIR_w4,Rotor 7,7,,73,11:12:00 AM,60.00,4.75,0.00,4.75,,
EXAMPLE_AIR_w4,Rotor 7,7,,74,11:13:00 AM,60.00,5.25,0.00,5.25,,
EXAMPLE_AIR_w4,Rotor 7,7,,75,11:14:00 AM,60.00,5.00,0.00,5.00,,
EXAMPLE_AIR_w4,Rotor 7,7,,76,11:15:00 AM,60.00,5.00,0.00,5.00,,
EXAMPLE_AIR_w4,Rotor 7,7,,77,11:16:00 AM,60.00,3.50,0.00,3.50,,
EXAMPLE_AIR_w4,Rotor 7,7,,78,11:17:00 AM,60.00,2.75,0.00,2.75,,
EXAMPLE_AIR_w4,Rotor 7,7,,79,11:18:00 AM,60.00,3.00,0.00,3.00,,
EXAMPLE_AIR_w4,Rotor 7,7,,80,11:19:00 AM,60.00,4.00,0.00,4.00,,
EXAMPLE_AIR_w4,Rotor 7,7,,81,11:20:00 AM,60.00,3.50,0.00,3.50,,
EXAMPLE_AIR_w4,Rotor 7,7,,82,11:21:00 AM,60.00,3.00,0.00,3.00,,
EXAMPLE_AIR_w4,Rotor 7,7,,83,11:22:00 AM,60.00,2.75,0.00,2.75,,
EXAMPLE_AIR_w4,Rotor 7,7,,84,11:23:00 AM,60.00,3.00,0.00,3.00,,
EXAMPLE_AIR_w4,Rotor 7,7,,85,11:24:00 AM,60.00,3.50,0.00,3.50,,
EXAMPLE_AIR_w4,Rotor 7,7,,86,11:25:00 AM,60.00,3.00,0.00,3.00,,
EXAMPLE_AIR_w4,Rotor 7,7,,87,11:26:00 AM,60.00,4.75,0.00,4.75,,
EXAMPLE_AIR_w4,Rotor 7,7,,88,11:27:00 AM,60.00,3.75,0.00,3.75,,
EXAMPLE_AIR_w4,Rotor 7,7,,89,11:28:00 AM,60.00,4.75,0.00,4.75,,
EXAMPLE_AIR_w4,Rotor 7,7,,90,11:29:00 AM,60.00,7.75,0.00,7.75,,
EXAMPLE_AIR_w4,Rotor 8,8,,1,10:00:00 AM,60.00,0.00,8.00,-8.00,,
EXAMPLE_AIR_w4,Rotor 8,8,,2,10:01:00 AM,60.00,0.00,5.25,-5.25,,
EXAMPLE_AIR_w4,Rotor 8,8,,3,10:02:00 AM,60.00,0.00,1.75,-1.75,,
EXAMPLE_AIR_w4,Rotor 8,8,,4,10:03:00 AM,60.00,0.00,-0.00,0.00,,
EXAMPLE_AIR_w4,Rotor 8,8,,5,10:04:00 AM,60.00,1.00,0.00,1.00,,
EXAMPLE_AIR_w4,Rotor 8,8,,6,10:05:00 AM,60.00,0.50,0.00,0.50,,
EXAMPLE_AIR_w4,Rotor 8,8,,7,10:06:00 AM,60.00,0.00,0.50,-0.50,,
EXAMPLE_AIR_w4,Rotor 8,8,,8,10:07:00 AM,60.00,0.00,2.00,-2.00,,
EXAMPLE_AIR_w4,Rotor 8,8,,9,10:08:00 AM,60.00,0.00,3.00,-3.00,,
EXAMPLE_AIR_w4,Rotor 8,8,,10,10:09:00 AM,60.00,0.25,0.00,0.25,,
EXAMPLE_AIR_w4,Rotor 8,8,,11,10:10:00 AM,60.00,3.00,0.00,3.00,,
EXAMPLE_AIR_w4,Rotor 8,8,,12,10:11:00 AM,60.00,4.75,0.00,4.75,,
EXAMPLE_AIR_w4,Rotor 8,8,,13,10:12:00 AM,60.00,5.25,0.00,5.25,,
EXAMPLE_AIR_w4,Rotor 8,8,,14,10:13:00 AM,60.00,3.50,0.00,3.50,,
EXAMPLE_AIR_w4,Rotor 8,8,,15,10:14:00 AM,60.00,4.25,0.00,4.25,,
EXAMPLE_AIR_w4,Rotor 8,8,,16,10:15:00 AM,60.00,3.25,0.00,3.25,,
EXAMPLE_AIR_w4,Rotor 8,8,,17,10:16:00 AM,60.00,7.75,0.00,7.75,,
EXAMPLE_AIR_w4,Rotor 8,8,,18,10:17:00 AM,60.00,9.00,0.00,9.00,,
EXAMPLE_AIR_w4,Rotor 8,8,,19,10:18:00 AM,60.00,11.75,0.00,11.75,,
EXAMPLE_AIR_w4,Rotor 8,8,,20,10:19:00 AM,60.00,11.25,0.00,11.25,,
EXAMPLE_AIR_w4,Rotor 8,8,,21,10:20:00 AM,60.00,12.00,0.00,12.00,,
EXAMPLE_AIR_w4,Rotor 8,8,,22,10:21:00 AM,60.00,11.25,0.00,11.25,,
EXAMPLE_AIR_w4,Rotor 8,8,,23,10:22:00 AM,60.00,12.50,0.00,12.50,,
EXAMPLE_AIR_w4,Rotor 8,8,,24,10:23:00 AM,60.00,14.75,0.00,14.75,,
EXAMPLE_AIR_w4,Rotor 8,8,,25,10:24:00 AM,60.00,14.00,0.00,14.00,,
EXAMPLE_AIR_w4,Rotor 8,8,,26,10:25:00 AM,60.00,10.25,0.00,10.25,,
EXAMPLE_AIR_w4,Rotor 8,8,,27,10:26:00 AM,60.00,10.50,0.00,10.50,,
EXAMPLE_AIR_w4,Rotor 8,8,,28,10:27:00 AM,60.00,9.25,0.00,9.25,,
EXAMPLE_AIR_w4,Rotor 8,8,,29,10:28:00 AM,60.00,8.50,0.00,8.50,,
EXAMPLE_AIR_w4,Rotor 8,8,,30,10:29:00 AM,60.00,8.75,0.00,8.75,,
EXAMPLE_AIR_w4,Rotor 8,8,,31,10:30:00 AM,60.00,7.25,0.00,7.25,,
EXAMPLE_AIR_w4,Rotor 8,8,,32,10:31:00 AM,60.00,8.25,0.00,8.25,,
EXAMPLE_AIR_w4,Rotor 8,8,,33,10:32:00 AM,60.00,10.25,0.00,10.25,,
EXAMPLE_AIR_w4,Rotor 8,8,,34,10:33:00 AM,60.00,10.25,0.00,10.25,,
EXAMPLE_AIR_w4,Rotor 8,8,,35,10:34:00 AM,60.00,10.75,0.00,10.75,,
EXAMPLE_AIR_w4,Rotor 8,8,,36,10:35:00 AM,60.00,11.00,0.00,11.00,,
EXAMPLE_AIR_w4,Rotor 8,8,,37,10:36:00 AM,60.00,8.25,0.00,8.25,,
EXAMPLE_AIR_w4,Rotor 8,8,,38,10:37:00 AM,60.00,8.50,0.00,8.50,,
EXAMPLE_AIR_w4,Rotor 8,8,,39,10:38:00 AM,60.00,10.25,0.00,10.25,,
EXAMPLE_AIR_w4,Rotor 8,8,,40,10:39:00 AM,60.00,13.50,0.00,13.50,,
EXAMPLE_AIR_w4,Rotor 8,8,,41,10:40:00 AM,60.00,13.75,0.00,13.75,,
EXAMPLE_AIR_w4,Rotor 8,8,,42,10:41:00 AM,60.00,12.75,0.00,12.75,,
EXAMPLE_AIR_w4,Rotor 8,8,,43,10:42:00 AM,60.00,10.50,0.00,10.50,,
EXAMPLE_AIR_w4,Rotor 8,8,,44,10:43:00 AM,60.00,9.50,0.00,9.50,,
EXAMPLE_AIR_w4,Rotor 8,8,,45,10:44:00 AM,60.00,9.50,0.00,9.50,,
EXAMPLE_AIR_w4,Rotor 8,8,,46,10:45:00 AM,60.00,11.25,0.00,11.25,,
EXAMPLE_AIR_w4,Rotor 8,8,,47,10:46:00 AM,60.00,9.25,0.00,9.25,,
EXAMPLE_AIR_w4,Rotor 8,8,,48,10:47:00 AM,60.00,8.25,0.00,8.25,,
EXAMPLE_AIR_w4,Rotor 8,8,,49,10:48:00 AM,60.00,7.75,0.00,7.75,,
EXAMPLE_AIR_w4,Rotor 8,8,,50,10:49:00 AM,60.00,8.75,0.00,8.75,,
EXAMPLE_AIR_w4,Rotor 8,8,,51,10:50:00 AM,60.00,9.75,0.00,9.75,,
EXAMPLE_AIR_w4,Rotor 8,8,,52,10:51:00 AM,60.00,9.75,0.00,9.75,,
EXAMPLE_AIR_w4,Rotor 8,8,,53,10:52:00 AM,60.00,8.00,0.00,8.00,,
EXAMPLE_AIR_w4,Rotor 8,8,,54,10:53:00 AM,60.00,7.50,0.00,7.50,,
EXAMPLE_AIR_w4,Rotor 8,8,,55,10:54:00 AM,60.00,8.75,0.00,8.75,,
EXAMPLE_AIR_w4,Rotor 8,8,,56,10:55:00 AM,60.00,3.75,0.00,3.75,,
EXAMPLE_AIR_w4,Rotor 8,8,,57,10:56:00 AM,60.00,4.75,0.00,4.75,,
EXAMPLE_AIR_w4,Rotor 8,8,,58,10:57:00 AM,60.00,3.25,0.00,3.25,,
EXAMPLE_AIR_w4,Rotor 8,8,,59,10:58:00 AM,60.00,7.25,0.00,7.25,,
EXAMPLE_AIR_w4,Rotor 8,8,,60,10:59:00 AM,60.00,8.25,0.00,8.25,,
EXAMPLE_AIR_w4,Rotor 8,8,,61,11:00:00 AM,60.00,9.00,0.00,9.00,,
EXAMPLE_AIR_w4,Rotor 8,8,,62,11:01:00 AM,60.00,5.00,0.00,5.00,,
EXAMPLE_AIR_w4,Rotor 8,8,,63,11:02:00 AM,60.00,8.50,0.00,8.50,,
EXAMPLE_AIR_w4,Rotor 8,8,,64,11:03:00 AM,60.00,10.50,0.00,10.50,,
EXAMPLE_AIR_w4,Rotor 8,8,,65,11:04:00 AM,60.00,10.25,0.00,10.25,,
EXAMPLE_AIR_w4,Rotor 8,8,,66,11:05:00 AM,60.00,9.00,0.00,9.00,,
EXAMPLE_AIR_w4,Rotor 8,8,,67,11:06:00 AM,60.00,8.00,0.00,8.00,,
EXAMPLE_AIR_w4,Rotor 8,8,,68,11:07:00 AM,60.00,10.75,0.00,10.75,,
EXAMPLE_AIR_w4,Rotor 8,8,,69,11:08:00 AM,60.00,12.50,0.00,12.50,,
EXAMPLE_AIR_w4,Rotor 8,8,,70,11:09:00 AM,60.00,13.75,0.00,13.75,,
EXAMPLE_AIR_w4,Rotor 8,8,,71,11:10:00 AM,60.00,14.00,0.00,14.00,,
EXAMPLE_AIR_w4,Rotor 8,8,,72,11:11:00 AM,60.00,12.75,0.00,12.75,,
EXAMPLE_AIR_w4,Rotor 8,8,,73,11:12:00 AM,60.00,11.75,0.00,11.75,,
EXAMPLE_AIR_w4,Rotor 8,8,,74,11:13:00 AM,60.00,13.00,0.00,13.00,,
EXAMPLE_AIR_w4,Rotor 8,8,,75,11:14:00 AM,60.00,10.50,0.00,10.50,,
EXAMPLE_AIR_w4,Rotor 8,8,,76,11:15:00 AM,60.00,9.50,0.00,9.50,,
EXAMPLE_AIR_w4,Rotor 8,8,,77,11:16:00 AM,60.00,9.75,0.00,9.75,,
EXAMPLE_AIR_w4,Rotor 8,8,,78,11:17:00 AM,60.00,11.00,0.00,11.00,,
EXAMPLE_AIR_w4,Rotor 8,8,,79,11:18:00 AM,60.00,8.50,0.00,8.50,,
EXAMPLE_AIR_w4,Rotor 8,8,,80,11:19:00 AM,60.00,8.75,0.00,8.75,,
EXAMPLE_AIR_w4,Rotor 8,8,,81,11:20:00 AM,60.00,13.00,0.00,13.00,,
EXAMPLE_AIR_w4,Rotor 8,8,,82,11:21:00 AM,60.00,8.75,0.00,8.75,,
EXAMPLE_AIR_w4,Rotor 8,8,,83,11:22:00 AM,60.00,5.75,0.00,5.75,,
EXAMPLE_AIR_w4,Rotor 8,8,,84,11:23:00 AM,60.00,6.00,0.00,6.00,,
EXAMPLE_AIR_w4,Rotor 8,8,,85,11:24:00 AM,60.00,9.25,0.00,9.25,,
EXAMPLE_AIR_w4,Rotor 8,8,,86,11:25:00 AM,60.00,9.75,0.00,9.75,,
EXAMPLE_AIR_w4,Rotor 8,8,,87,11:26:00 AM,60.00,7.50,0.00,7.50,,
EXAMPLE_AIR_w4,Rotor 8,8,,88,11:27:00 AM,60.00,8.50,0.00,8.50,,
EXAMPLE_AIR_w4,Rotor 8,8,,89,11:28:00 AM,60.00,9.75,0.00,9.75,,
EXAMPLE_AIR_w4,Rotor 8,8,,90,11:29:00 AM,60.00,8.75,0.00,8.75,,
EXAMPLE_AIR_w4,Rotor 9,9,,1,10:00:00 AM,60.00,0.00,2.50,-2.50,,
EXAMPLE_AIR_w4,Rotor 9,9,,2,10:01:00 AM,60.00,0.00,0.25,-0.25,,
EXAMPLE_AIR_w4,Rotor 9,9,,3,10:02:00 AM,60.00,-0.00,0.00,-0.00,,
EXAMPLE_AIR_w4,Rotor 9,9,,4,10:03:00 AM,60.00,1.50,0.00,1.50,,
EXAMPLE_AIR_w4,Rotor 9,9,,5,10:04:00 AM,60.00,1.50,0.00,1.50,,
EXAMPLE_AIR_w4,Rotor 9,9,,6,10:05:00 AM,60.00,1.25,0.00,1.25,,
EXAMPLE_AIR_w4,Rotor 9,9,,7,10:06:00 AM,60.00,2.00,0.00,2.00,,
EXAMPLE_AIR_w4,Rotor 9,9,,8,10:07:00 AM,60.00,1.50,0.00,1.50,,
EXAMPLE_AIR_w4,Rotor 9,9,,9,10:08:00 AM,60.00,0.25,0.00,0.25,,
EXAMPLE_AIR_w4,Rotor 9,9,,10,10:09:00 AM,60.00,1.75,0.00,1.75,,
EXAMPLE_AIR_w4,Rotor 9,9,,11,10:10:00 AM,60.00,5.00,0.00,5.00,,
EXAMPLE_AIR_w4,Rotor 9,9,,12,10:11:00 AM,60.00,2.75,0.00,2.75,,
EXAMPLE_AIR_w4,Rotor 9,9,,13,10:12:00 AM,60.00,2.00,0.00,2.00,,
EXAMPLE_AIR_w4,Rotor 9,9,,14,10:13:00 AM,60.00,0.75,0.00,0.75,,
EXAMPLE_AIR_w4,Rotor 9,9,,15,10:14:00 AM,60.00,2.25,0.00,2.25,,
EXAMPLE_AIR_w4,Rotor 9,9,,16,10:15:00 AM,60.00,4.50,0.00,4.50,,
EXAMPLE_AIR_w4,Rotor 9,9,,17,10:16:00 AM,60.00,7.00,0.00,7.00,,
EXAMPLE_AIR_w4,Rotor 9,9,,18,10:17:00 AM,60.00,7.25,0.00,7.25,,
EXAMPLE_AIR_w4,Rotor 9,9,,19,10:18:00 AM,60.00,5.75,0.00,5.75,,
EXAMPLE_AIR_w4,Rotor 9,9,,20,10:19:00 AM,60.00,6.25,0.00,6.25,,
EXAMPLE_AIR_w4,Rotor 9,9,,21,10:20:00 AM,60.00,5.50,0.00,5.50,,
EXAMPLE_AIR_w4,Rotor 9,9,,22,10:21:00 AM,60.00,5.75,0.00,5.75,,
EXAMPLE_AIR_w4,Rotor 9,9,,23,10:22:00 AM,60.00,9.50,0.00,9.50,,
EXAMPLE_AIR_w4,Rotor 9,9,,24,10:23:00 AM,60.00,10.00,0.00,10.00,,
EXAMPLE_AIR_w4,Rotor 9,9,,25,10:24:00 AM,60.00,9.00,0.00,9.00,,
EXAMPLE_AIR_w4,Rotor 9,9,,26,10:25:00 AM,60.00,11.50,0.00,11.50,,
EXAMPLE_AIR_w4,Rotor 9,9,,27,10:26:00 AM,60.00,12.25,0.00,12.25,,
EXAMPLE_AIR_w4,Rotor 9,9,,28,10:27:00 AM,60.00,11.50,0.00,11.50,,
EXAMPLE_AIR_w4,Rotor 9,9,,29,10:28:00 AM,60.00,10.75,0.00,10.75,,
EXAMPLE_AIR_w4,Rotor 9,9,,30,10:29:00 AM,60.00,11.25,0.00,11.25,,
EXAMPLE_AIR_w4,Rotor 9,9,,31,10:30:00 AM,60.00,9.25,0.00,9.25,,
EXAMPLE_AIR_w4,Rotor 9,9,,32,10:31:00 AM,60.00,9.00,0.00,9.00,,
EXAMPLE_AIR_w4,Rotor 9,9,,33,10:32:00 AM,60.00,8.00,0.00,8.00,,
EXAMPLE_AIR_w4,Rotor 9,9,,34,10:33:00 AM,60.00,6.50,0.00,6.50,,
EXAMPLE_AIR_w4,Rotor 9,9,,35,10:34:00 AM,60.00,4.75,0.00,4.75,,
EXAMPLE_AIR_w4,Rotor 9,9,,36,10:35:00 AM,60.00,7.00,0.00,7.00,,
EXAMPLE_AIR_w4,Rotor 9,9,,37,10:36:00 AM,60.00,5.75,0.00,5.75,,
EXAMPLE_AIR_w4,Rotor 9,9,,38,10:37:00 AM,60.00,6.50,0.00,6.50,,
EXAMPLE_AIR_w4,Rotor 9,9,,39,10:38:00 AM,60.00,7.50,0.00,7.50,,
EXAMPLE_AIR_w4,Rotor 9,9,,40,10:39:00 AM,60.00,8.50,0.00,8.50,,
EXAMPLE_AIR_w4,Rotor 9,9,,41,10:40:00 AM,60.00,7.50,0.00,7.50,,
EXAMPLE_AIR_w4,Rotor 9,9,,42,10:41:00 AM,60.00,5.50,0.00,5.50,,
EXAMPLE_AIR_w4,Rotor 9,9,,43,10:42:00 AM,60.00,8.00,0.00,8.00,,
EXAMPLE_AIR_w4,Rotor 9,9,,44,10:43:00 AM,60.00,9.00,0.00,9.00,,
EXAMPLE_AIR_w4,Rotor 9,9,,45,10:44:00 AM,60.00,9.75,0.00,9.75,,
EXAMPLE_AIR_w4,Rotor 9,9,,46,10:45:00 AM,60.00,10.75,0.00,10.75,,
EXAMPLE_AIR_w4,Rotor 9,9,,47,10:46:00 AM,60.00,10.00,0.00,10.00,,
EXAMPLE_AIR_w4,Rotor 9,9,,48,10:47:00 AM,60.00,9.75,0.00,9.75,,
EXAMPLE_AIR_w4,Rotor 9,9,,49,10:48:00 AM,60.00,10.25,0.00,10.25,,
EXAMPLE_AIR_w4,Rotor 9,9,,50,10:49:00 AM,60.00,12.25,0.00,12.25,,
EXAMPLE_AIR_w4,Rotor 9,9,,51,10:50:00 AM,60.00,14.00,0.00,14.00,,
EXAMPLE_AIR_w4,Rotor 9,9,,52,10:51:00 AM,60.00,15.25,0.00,15.25,,
EXAMPLE_AIR_w4,Rotor 9,9,,53,10:52:00 AM,60.00,12.00,0.00,12.00,,
EXAMPLE_AIR_w4,Rotor 9,9,,54,10:53:00 AM,60.00,9.75,0.00,9.75,,
EXAMPLE_AIR_w4,Rotor 9,9,,55,10:54:00 AM,60.00,11.75,0.00,11.75,,
EXAMPLE_AIR_w4,Rotor 9,9,,56,10:55:00 AM,60.00,10.00,0.00,10.00,,
EXAMPLE_AIR_w4,Rotor 9,9,,57,10:56:00 AM,60.00,8.75,0.00,8.75,,
EXAMPLE_AIR_w4,Rotor 9,9,,58,10:57:00 AM,60.00,9.75,0.00,9.75,,
EXAMPLE_AIR_w4,Rotor 9,9,,59,10:58:00 AM,60.00,10.50,0.00,10.50,,
EXAMPLE_AIR_w4,Rotor 9,9,,60,10:59:00 AM,60.00,11.50,0.00,11.50,,
EXAMPLE_AIR_w4,Rotor 9,9,,61,11:00:00 AM,60.00,10.75,0.00,10.75,,
EXAMPLE_AIR_w4,Rotor 9,9,,62,11:01:00 AM,60.00,10.50,0.00,10.50,,
EXAMPLE_AIR_w4,Rotor 9,9,,63,11:02:00 AM,60.00,12.00,0.00,12.00,,
EXAMPLE_AIR_w4,Rotor 9,9,,64,11:03:00 AM,60.00,11.25,0.00,11.25,,
EXAMPLE_AIR_w4,Rotor 9,9,,65,11:04:00 AM,60.00,9.75,0.00,9.75,,
EXAMPLE_AIR_w4,Rotor 9,9,,66,11:05:00 AM,60.00,9.75,0.00,9.75,,
EXAMPLE_AIR_w4,Rotor 9,9,,67,11:06:00 AM,60.00,8.75,0.00,8.75,,
EXAMPLE_AIR_w4,Rotor 9,9,,68,11:07:00 AM,60.00,5.00,0.00,5.00,,
EXAMPLE_AIR_w4,Rotor 9,9,,69,11:08:00 AM,60.00,6.25,0.00,6.25,,
EXAMPLE_AIR_w4,Rotor 9,9,,70,11:09:00 AM,60.00,7.00,0.00,7.00,,
EXAMPLE_AIR_w4,Rotor 9,9,,71,11:10:00 AM,60.00,7.00,0.00,7.00,,
EXAMPLE_AIR_w4,Rotor 9,9,,72,11:11:00 AM,60.00,4.50,0.00,4.50,,
EXAMPLE_AIR_w4,Rotor 9,9,,73,11:12:00 AM,60.00,4.25,0.00,4.25,,
EXAMPLE_AIR_w4,Rotor 9,9,,74,11:13:00 AM,60.00,6.00,0.00,6.00,,
EXAMPLE_AIR_w4,Rotor 9,9,,75,11:14:00 AM,60.00,5.75,0.00,5.75,,
EXAMPLE_AIR_w4,Rotor 9,9,,76,11:15:00 AM,60.00,7.00,0.00,7.00,,
EXAMPLE_AIR_w4,Rotor 9,9,,77,11:16:00 AM,60.00,9.75,0.00,9.75,,
EXAMPLE_AIR_w4,Rotor 9,9,,78,11:17:00 AM,60.00,9.50,0.00,9.50,,
EXAMPLE_AIR_w4,Rotor 9,9,,79,11:18:00 AM,60.00,9.00,0.00,9.00,,
EXAMPLE_AIR_w4,Rotor 9,9,,80,11:19:00 AM,60.00,8.25,0.00,8.25,,
EXAMPLE_AIR_w4,Rotor 9,9,,81,11:20:00 AM,60.00,9.25,0.00,9.25,,
EXAMPLE_AIR_w4,Rotor 9,9,,82,11:21:00 AM,60.00,9.75,0.00,9.75,,
EXAMPLE_AIR_w4,Rotor 9,9,,83,11:22:00 AM,60.00,9.25,0.00,9.25,,
EXAMPLE_AIR_w4,Rotor 9,9,,84,11:23:00 AM,60.00,8.25,0.00,8.25,,
EXAMPLE_AIR_w4,Rotor 9,9,,85,11:24:00 AM,60.00,8.25,0.00,8.25,,
EXAMPLE_AIR_w4,Rotor 9,9,,86,11:25:00 AM,60.00,9.00,0.00,9.00,,
EXAMPLE_AIR_w4,Rotor 9,9,,87,11:26:00 AM,60.00,9.75,0.00,9.75,,
EXAMPLE_AIR_w4,Rotor 9,9,,88,11:27:00 AM,60.00,9.50,0.00,9.50,,
EXAMPLE_AIR_w4,Rotor 9,9,,89,11:28:00 AM,60.00,7.25,0.00,7.25,,
EXAMPLE_AIR_w4,Rotor 9,9,,90,11:29:00 AM,60.00,6.25,0.00,6.25,,
EXAMPLE_AIR_w4,Rotor 10,10,,1,10:00:00 AM,60.00,0.00,6.50,-6.50,,
EXAMPLE_AIR_w4,Rotor 10,10,,2,10:01:00 AM,60.00,0.00,5.50,-5.50,,
EXAMPLE_AIR_w4,Rotor 10,10,,3,10:02:00 AM,60.00,0.00,2.00,-2.00,,
EXAMPLE_AIR_w4,Rotor 10,10,,4,10:03:00 AM,60.00,0.00,1.25,-1.25,,
EXAMPLE_AIR_w4,Rotor 10,10,,5,10:04:00 AM,60.00,0.00,4.50,-4.50,,
EXAMPLE_AIR_w4,Rotor 10,10,,6,10:05:00 AM,60.00,0.00,2.50,-2.50,,
EXAMPLE_AIR_w4,Rotor 10,10,,7,10:06:00 AM,60.00,0.00,10.50,-10.50,,
EXAMPLE_AIR_w4,Rotor 10,10,,8,10:07:00 AM,60.00,0.00,9.00,-9.00,,
EXAMPLE_AIR_w4,Rotor 10,10,,9,10:08:00 AM,60.00,0.00,3.50,-3.50,,
EXAMPLE_AIR_w4,Rotor 10,10,,10,10:09:00 AM,60.00,0.25,0.00,0.25,,
EXAMPLE_AIR_w4,Rotor 10,10,,11,10:10:00 AM,60.00,4.25,0.00,4.25,,
EXAMPLE_AIR_w4,Rotor 10,10,,12,10:11:00 AM,60.00,10.00,0.00,10.00,,
EXAMPLE_AIR_w4,Rotor 10,10,,13,10:12:00 AM,60.00,10.00,0.00,10.00,,
EXAMPLE_AIR_w4,Rotor 10,10,,14,10:13:00 AM,60.00,13.50,0.00,13.50,,
EXAMPLE_AIR_w4,Rotor 10,10,,15,10:14:00 AM,60.00,12.50,0.00,12.50,,
EXAMPLE_AIR_w4,Rotor 10,10,,16,10:15:00 AM,60.00,11.25,0.00,11.25,,
EXAMPLE_AIR_w4,Rotor 10,10,,17,10:16:00 AM,60.00,9.75,0.00,9.75,,
EXAMPLE_AIR_w4,Rotor 10,10,,18,10:17:00 AM,60.00,10.75,0.00,10.75,,
EXAMPLE_AIR_w4,Rotor 10,10,,19,10:18:00 AM,60.00,12.75,0.00,12.75,,
EXAMPLE_AIR_w4,Rotor 10,10,,20,10:19:00 AM,60.00,11.00,0.00,11.00,,
EXAMPLE_AIR_w4,Rotor 10,10,,21,10:20:00 AM,60.00,12.50,0.00,12.50,,
EXAMPLE_AIR_w4,Rotor 10,10,,22,10:21:00 AM,60.00,9.50,0.00,9.50,,
EXAMPLE_AIR_w4,Rotor 10,10,,23,10:22:00 AM,60.00,17.75,0.00,17.75,,
EXAMPLE_AIR_w4,Rotor 10,10,,24,10:23:00 AM,60.00,21.75,0.00,21.75,,
EXAMPLE_AIR_w4,Rotor 10,10,,25,10:24:00 AM,60.00,18.50,0.00,18.50,,
EXAMPLE_AIR_w4,Rotor 10,10,,26,10:25:00 AM,60.00,17.25,0.00,17.25,,
EXAMPLE_AIR_w4,Rotor 10,10,,27,10:26:00 AM,60.00,13.25,0.00,13.25,,
EXAMPLE_AIR_w4,Rotor 10,10,,28,10:27:00 AM,60.00,8.75,0.00,8.75,,
EXAMPLE_AIR_w4,Rotor 10,10,,29,10:28:00 AM,60.00,8.75,0.00,8.75,,
EXAMPLE_AIR_w4,Rotor 10,10,,30,10:29:00 AM,60.00,13.50,0.00,13.50,,
EXAMPLE_AIR_w4,Rotor 10,10,,31,10:30:00 AM,60.00,16.00,0.00,16.00,,
EXAMPLE_AIR_w4,Rotor 10,10,,32,10:31:00 AM,60.00,13.25,0.00,13.25,,
EXAMPLE_AIR_w4,Rotor 10,10,,33,10:32:00 AM,60.00,13.00,0.00,13.00,,
EXAMPLE_AIR_w4,Rotor 10,10,,34,10:33:00 AM,60.00,9.25,0.00,9.25,,
EXAMPLE_AIR_w4,Rotor 10,10,,35,10:34:00 AM,60.00,6.25,0.00,6.25,,
EXAMPLE_AIR_w4,Rotor 10,10,,36,10:35:00 AM,60.00,10.75,0.00,10.75,,
EXAMPLE_AIR_w4,Rotor 10,10,,37,10:36:00 AM,60.00,12.75,0.00,12.75,,
EXAMPLE_AIR_w4,Rotor 10,10,,38,10:37:00 AM,60.00,12.25,0.00,12.25,,
EXAMPLE_AIR_w4,Rotor 10,10,,39,10:38:00 AM,60.00,16.75,0.00,16.75,,
EXAMPLE_AIR_w4,Rotor 10,10,,40,10:39:00 AM,60.00,12.00,0.00,12.00,,
EXAMPLE_AIR_w4,Rotor 10,10,,41,10:40:00 AM,60.00,13.00,0.00,13.00,,
EXAMPLE_AIR_w4,Rotor 10,10,,42,10:41:00 AM,60.00,15.00,0.00,15.00,,
EXAMPLE_AIR_w4,Rotor 10,10,,43,10:42:00 AM,60.00,14.75,0.00,14.75,,
EXAMPLE_AIR_w4,Rotor 10,10,,44,10:43:00 AM,60.00,14.25,0.00,14.25,,
EXAMPLE_AIR_w4,Rotor 10,10,,45,10:44:00 AM,60.00,12.00,0.00,12.00,,
EXAMPLE_AIR_w4,Rotor 10,10,,46,10:45:00 AM,60.00,12.75,0.00,12.75,,
EXAMPLE_AIR_w4,Rotor 10,10,,47,10:46:00 AM,60.00,13.50,0.00,13.50,,
EXAMPLE_AIR_w4,Rotor 10,10,,48,10:47:00 AM,60.00,19.00,0.00,19.00,,
EXAMPLE_AIR_w4,Rotor 10,10,,49,10:48:00 AM,60.00,19.75,0.00,19.75,,
EXAMPLE_AIR_w4,Rotor 10,10,,50,10:49:00 AM,60.00,25.25,0.00,25.25,,
EXAMPLE_AIR_w4,Rotor 10,10,,51,10:50:00 AM,60.00,23.25,0.00,23.25,,
EXAMPLE_AIR_w4,Rotor 10,10,,52,10:51:00 AM,60.00,18.50,0.00,18.50,,
EXAMPLE_AIR_w4,Rotor 10,10,,53,10:52:00 AM,60.00,15.00,0.00,15.00,,
EXAMPLE_AIR_w4,Rotor 10,10,,54,10:53:00 AM,60.00,15.75,0.00,15.75,,
EXAMPLE_AIR_w4,Rotor 10,10,,55,10:54:00 AM,60.00,8.75,0.00,8.75,,
EXAMPLE_AIR_w4,Rotor 10,10,,56,10:55:00 AM,60.00,15.75,0.00,15.75,,
EXAMPLE_AIR_w4,Rotor 10,10,,57,10:56:00 AM,60.00,16.75,0.00,16.75,,
EXAMPLE_AIR_w4,Rotor 10,10,,58,10:57:00 AM,60.00,20.25,0.00,20.25,,
EXAMPLE_AIR_w4,Rotor 10,10,,59,10:58:00 AM,60.00,14.50,0.00,14.50,,
EXAMPLE_AIR_w4,Rotor 10,10,,60,10:59:00 AM,60.00,18.50,0.00,18.50,,
EXAMPLE_AIR_w4,Rotor 10,10,,61,11:00:00 AM,60.00,21.25,0.00,21.25,,
EXAMPLE_AIR_w4,Rotor 10,10,,62,11:01:00 AM,60.00,18.75,0.00,18.75,,
EXAMPLE_AIR_w4,Rotor 10,10,,63,11:02:00 AM,60.00,19.50,0.00,19.50,,
EXAMPLE_AIR_w4,Rotor 10,10,,64,11:03:00 AM,60.00,17.75,0.00,17.75,,
EXAMPLE_AIR_w4,Rotor 10,10,,65,11:04:00 AM,60.00,18.75,0.00,18.75,,
EXAMPLE_AIR_w4,Rotor 10,10,,66,11:05:00 AM,60.00,14.75,0.00,14.75,,
EXAMPLE_AIR_w4,Rotor 10,10,,67,11:06:00 AM,60.00,6.75,0.00,6.75,,
EXAMPLE_AIR_w4,Rotor 10,10,,68,11:07:00 AM,60.00,7.25,0.00,7.25,,
EXAMPLE_AIR_w4,Rotor 10,10,,69,11:08:00 AM,60.00,12.25,0.00,12.25,,
EXAMPLE_AIR_w4,Rotor 10,10,,70,11:09:00 AM,60.00,7.00,0.00,7.00,,
EXAMPLE_AIR_w4,Rotor 10,10,,71,11:10:00 AM,60.00,8.00,0.00,8.00,,
EXAMPLE_AIR_w4,Rotor 10,10,,72,11:11:00 AM,60.00,10.50,0.00,10.50,,
EXAMPLE_AIR_w4,Rotor 10,10,,73,11:12:00 AM,60.00,12.25,0.00,12.25,,
EXAMPLE_AIR_w4,Rotor 10,10,,74,11:13:00 AM,60.00,9.25,0.00,9.25,,
EXAMPLE_AIR_w4,Rotor 10,10,,75,11:14:00 AM,60.00,6.50,0.00,6.50,,
EXAMPLE_AIR_w4,Rotor 10,10,,76,11:15:00 AM,60.00,6.50,0.00,6.50,,
EXAMPLE_AIR_w4,Rotor 10,10,,77,11:16:00 AM,60.00,11.50,0.00,11.50,,
EXAMPLE_AIR_w4,Rotor 10,10,,78,11:17:00 AM,60.00,13.25,0.00,13.25,,
EXAMPLE_AIR_w4,Rotor 10,10,,79,11:18:00 AM,60.00,11.50,0.00,11.50,,
EXAMPLE_AIR_w4,Rotor 10,10,,80,11:19:00 AM,60.00,12.75,0.00,12.75,,
EXAMPLE_AIR_w4,Rotor 10,10,,81,11:20:00 AM,60.00,14.50,0.00,14.50,,
EXAMPLE_AIR_w4,Rotor 10,10,,82,11:21:00 AM,60.00,13.75,0.00,13.75,,
EXAMPLE_AIR_w4,Rotor 10,10,,83,11:22:00 AM,60.00,14.00,0.00,14.00,,
EXAMPLE_AIR_w4,Rotor 10,10,,84,11:23:00 AM,60.00,14.50,0.00,14.50,,
EXAMPLE_AIR_w4,Rotor 10,10,,85,11:24:00 AM,60.00,15.25,0.00,15.25,,
EXAMPLE_AIR_w4,Rotor 10,10,,86,11:25:00 AM,60.00,14.50,0.00,14.50,,
EXAMPLE_AIR_w4,Rotor 10,10,,87,11:26:00 AM,60.00,18.75,0.00,18.75,,
EXAMPLE_AIR_w4,Rotor 10,10,,88,11:27:00 AM,60.00,17.50,0.00,17.50,,
EXAMPLE_AIR_w4,Rotor 10,10,,89,11:28:00 AM,60.00,20.75,0.00,20.75,,
EXAMPLE_AIR_w4,Rotor 10,10,,90,11:29:00 AM,60.00,23.00,0.00,23.00,,
EXAMPLE_AIR_w4,Rotor 11,11,,1,10:00:00 AM,60.00,2.00,0.00,2.00,,
EXAMPLE_AIR_w4,Rotor 11,11,,2,10:01:00 AM,60.00,2.25,0.00,2.25,,
EXAMPLE_AIR_w4,Rotor 11,11,,3,10:02:00 AM,60.00,0.75,0.00,0.75,,
EXAMPLE_AIR_w4,Rotor 11,11,,4,10:03:00 AM,60.00,0.00,-0.00,0.00,,
EXAMPLE_AIR_w4,Rotor 11,11,,5,10:04:00 AM,60.00,3.00,0.00,3.00,,
EXAMPLE_AIR_w4,Rotor 11,11,,6,10:05:00 AM,60.00,5.25,0.00,5.25,,
EXAMPLE_AIR_w4,Rotor 11,11,,7,10:06:00 AM,60.00,3.50,0.00,3.50,,
EXAMPLE_AIR_w4,Rotor 11,11,,8,10:07:00 AM,60.00,7.25,0.00,7.25,,
EXAMPLE_AIR_w4,Rotor 11,11,,9,10:08:00 AM,60.00,5.25,0.00,5.25,,
EXAMPLE_AIR_w4,Rotor 11,11,,10,10:09:00 AM,60.00,2.00,0.00,2.00,,
EXAMPLE_AIR_w4,Rotor 11,11,,11,10:10:00 AM,60.00,0.00,0.75,-0.75,,
EXAMPLE_AIR_w4,Rotor 11,11,,12,10:11:00 AM,60.00,0.00,2.00,-2.00,,
EXAMPLE_AIR_w4,Rotor 11,11,,13,10:12:00 AM,60.00,0.00,0.25,-0.25,,
EXAMPLE_AIR_w4,Rotor 11,11,,14,10:13:00 AM,60.00,1.50,0.00,1.50,,
EXAMPLE_AIR_w4,Rotor 11,11,,15,10:14:00 AM,60.00,3.00,0.00,3.00,,
EXAMPLE_AIR_w4,Rotor 11,11,,16,10:15:00 AM,60.00,2.75,0.00,2.75,,
EXAMPLE_AIR_w4,Rotor 11,11,,17,10:16:00 AM,60.00,3.75,0.00,3.75,,
EXAMPLE_AIR_w4,Rotor 11,11,,18,10:17:00 AM,60.00,6.50,0.00,6.50,,
EXAMPLE_AIR_w4,Rotor 11,11,,19,10:18:00 AM,60.00,7.50,0.00,7.50,,
EXAMPLE_AIR_w4,Rotor 11,11,,20,10:19:00 AM,60.00,6.00,0.00,6.00,,
EXAMPLE_AIR_w4,Rotor 11,11,,21,10:20:00 AM,60.00,8.25,0.00,8.25,,
EXAMPLE_AIR_w4,Rotor 11,11,,22,10:21:00 AM,60.00,5.75,0.00,5.75,,
EXAMPLE_AIR_w4,Rotor 11,11,,23,10:22:00 AM,60.00,4.75,0.00,4.75,,
EXAMPLE_AIR_w4,Rotor 11,11,,24,10:23:00 AM,60.00,0.75,0.00,0.75,,
EXAMPLE_AIR_w4,Rotor 11,11,,25,10:24:00 AM,60.00,1.00,0.00,1.00,,
EXAMPLE_AIR_w4,Rotor 11,11,,26,10:25:00 AM,60.00,0.00,2.00,-2.00,,
EXAMPLE_AIR_w4,Rotor 11,11,,27,10:26:00 AM,60.00,1.50,0.00,1.50,,
EXAMPLE_AIR_w4,Rotor 11,11,,28,10:27:00 AM,60.00,4.75,0.00,4.75,,
EXAMPLE_AIR_w4,Rotor 11,11,,29,10:28:00 AM,60.00,2.75,0.00,2.75,,
EXAMPLE_AIR_w4,Rotor 11,11,,30,10:29:00 AM,60.00,1.75,0.00,1.75,,
EXAMPLE_AIR_w4,Rotor 11,11,,31,10:30:00 AM,60.00,0.25,0.00,0.25,,
EXAMPLE_AIR_w4,Rotor 11,11,,32,10:31:00 AM,60.00,0.25,0.00,0.25,,
EXAMPLE_AIR_w4,Rotor 11,11,,33,10:32:00 AM,60.00,4.25,0.00,4.25,,
EXAMPLE_AIR_w4,Rotor 11,11,,34,10:33:00 AM,60.00,7.25,0.00,7.25,,
EXAMPLE_AIR_w4,Rotor 11,11,,35,10:34:00 AM,60.00,7.00,0.00,7.00,,
EXAMPLE_AIR_w4,Rotor 11,11,,36,10:35:00 AM,60.00,7.00,0.00,7.00,,
EXAMPLE_AIR_w4,Rotor 11,11,,37,10:36:00 AM,60.00,6.50,0.00,6.50,,
EXAMPLE_AIR_w4,Rotor 11,11,,38,10:37:00 AM,60.00,7.00,0.00,7.00,,
EXAMPLE_AIR_w4,Rotor 11,11,,39,10:38:00 AM,60.00,6.50,0.00,6.50,,
EXAMPLE_AIR_w4,Rotor 11,11,,40,10:39:00 AM,60.00,6.75,0.00,6.75,,
EXAMPLE_AIR_w4,Rotor 11,11,,41,10:40:00 AM,60.00,7.00,0.00,7.00,,
EXAMPLE_AIR_w4,Rotor 11,11,,42,10:41:00 AM,60.00,10.75,0.00,10.75,,
EXAMPLE_AIR_w4,Rotor 11,11,,43,10:42:00 AM,60.00,7.75,0.00,7.75,,
EXAMPLE_AIR_w4,Rotor 11,11,,44,10:43:00 AM,60.00,9.25,0.00,9.25,,
EXAMPLE_AIR_w4,Rotor 11,11,,45,10:44:00 AM,60.00,9.75,0.00,9.75,,
EXAMPLE_AIR_w4,Rotor 11,11,,46,10:45:00 AM,60.00,8.50,0.00,8.50,,
EXAMPLE_AIR_w4,Rotor 11,11,,47,10:46:00 AM,60.00,7.75,0.00,7.75,,
EXAMPLE_AIR_w4,Rotor 11,11,,48,10:47:00 AM,60.00,10.00,0.00,10.00,,
EXAMPLE_AIR_w4,Rotor 11,11,,49,10:48:00 AM,60.00,10.00,0.00,10.00,,
EXAMPLE_AIR_w4,Rotor 11,11,,50,10:49:00 AM,60.00,11.50,0.00,11.50,,
EXAMPLE_AIR_w4,Rotor 11,11,,51,10:50:00 AM,60.00,11.50,0.00,11.50,,
EXAMPLE_AIR_w4,Rotor 11,11,,52,10:51:00 AM,60.00,8.50,0.00,8.50,,
EXAMPLE_AIR_w4,Rotor 11,11,,53,10:52:00 AM,60.00,8.25,0.00,8.25,,
EXAMPLE_AIR_w4,Rotor 11,11,,54,10:53:00 AM,60.00,12.75,0.00,12.75,,
EXAMPLE_AIR_w4,Rotor 11,11,,55,10:54:00 AM,60.00,10.25,0.00,10.25,,
EXAMPLE_AIR_w4,Rotor 11,11,,56,10:55:00 AM,60.00,13.25,0.00,13.25,,
EXAMPLE_AIR_w4,Rotor 11,11,,57,10:56:00 AM,60.00,14.50,0.00,14.50,,
EXAMPLE_AIR_w4,Rotor 11,11,,58,10:57:00 AM,60.00,15.00,0.00,15.00,,
EXAMPLE_AIR_w4,Rotor 11,11,,59,10:58:00 AM,60.00,14.75,0.00,14.75,,
EXAMPLE_AIR_w4,Rotor 11,11,,60,10:59:00 AM,60.00,16.00,0.00,16.00,,
EXAMPLE_AIR_w4,Rotor 11,11,,61,11:00:00 AM,60.00,16.00,0.00,16.00,,
EXAMPLE_AIR_w4,Rotor 11,11,,62,11:01:00 AM,60.00,16.75,0.00,16.75,,
EXAMPLE_AIR_w4,Rotor 11,11,,63,11:02:00 AM,60.00,13.50,0.00,13.50,,
EXAMPLE_AIR_w4,Rotor 11,11,,64,11:03:00 AM,60.00,11.50,0.00,11.50,,
EXAMPLE_AIR_w4,Rotor 11,11,,65,11:04:00 AM,60.00,13.00,0.00,13.00,,
EXAMPLE_AIR_w4,Rotor 11,11,,66,11:05:00 AM,60.00,10.25,0.00,10.25,,
EXAMPLE_AIR_w4,Rotor 11,11,,67,11:06:00 AM,60.00,10.00,0.00,10.00,,
EXAMPLE_AIR_w4,Rotor 11,11,,68,11:07:00 AM,60.00,14.00,0.00,14.00,,
EXAMPLE_AIR_w4,Rotor 11,11,,69,11:08:00 AM,60.00,12.50,0.00,12.50,,
EXAMPLE_AIR_w4,Rotor 11,11,,70,11:09:00 AM,60.00,12.50,0.00,12.50,,
EXAMPLE_AIR_w4,Rotor 11,11,,71,11:10:00 AM,60.00,17.25,0.00,17.25,,
EXAMPLE_AIR_w4,Rotor 11,11,,72,11:11:00 AM,60.00,20.50,0.00,20.50,,
EXAMPLE_AIR_w4,Rotor 11,11,,73,11:12:00 AM,60.00,17.25,0.00,17.25,,
EXAMPLE_AIR_w4,Rotor 11,11,,74,11:13:00 AM,60.00,16.00,0.00,16.00,,
EXAMPLE_AIR_w4,Rotor 11,11,,75,11:14:00 AM,60.00,17.00,0.00,17.00,,
EXAMPLE_AIR_w4,Rotor 11,11,,76,11:15:00 AM,60.00,17.25,0.00,17.25,,
EXAMPLE_AIR_w4,Rotor 11,11,,77,11:16:00 AM,60.00,15.00,0.00,15.00,,
EXAMPLE_AIR_w4,Rotor 11,11,,78,11:17:00 AM,60.00,13.75,0.00,13.75,,
EXAMPLE_AIR_w4,Rotor 11,11,,79,11:18:00 AM,60.00,14.00,0.00,14.00,,
EXAMPLE_AIR_w4,Rotor 11,11,,80,11:19:00 AM,60.00,12.75,0.00,12.75,,
EXAMPLE_AIR_w4,Rotor 11,11,,81,11:20:00 AM,60.00,13.75,0.00,13.75,,
EXAMPLE_AIR_w4,Rotor 11,11,,82,11:21:00 AM,60.00,14.50,0.00,14.50,,
EXAMPLE_AIR_w4,Rotor 11,11,,83,11:22:00 AM,60.00,15.00,0.00,15.00,,
EXAMPLE_AIR_w4,Rotor 11,11,,84,11:23:00 AM,60.00,16.75,0.00,16.75,,
EXAMPLE_AIR_w4,Rotor 11,11,,85,11:24:00 AM,60.00,13.00,0.00,13.00,,
EXAMPLE_AIR_w4,Rotor 11,11,,86,11:25:00 AM,60.00,12.75,0.00,12.75,,
EXAMPLE_AIR_w4,Rotor 11,11,,87,11:26:00 AM,60.00,11.50,0.00,11.50,,
EXAMPLE_AIR_w4,Rotor 11,11,,88,11:27:00 AM,60.00,10.75,0.00,10.75,,
EXAMPLE_AIR_w4,Rotor 11,11,,89,11:28:00 AM,60.00,8.00,0.00,8.00,,
EXAMPLE_AIR_w4,Rotor 11,11,,90,11:29:00 AM,60.00,7.00,0.00,7.00,,
EXAMPLE_AIR_w4,Rotor 12,12,,1,10:00:00 AM,60.00,0.00,7.25,-7.25,,
EXAMPLE_AIR_w4,Rotor 12,12,,2,10:01:00 AM,60.00,0.00,8.50,-8.50,,
EXAMPLE_AIR_w4,Rotor 12,12,,3,10:02:00 AM,60.00,0.00,11.25,-11.25,,
EXAMPLE_AIR_w4,Rotor 12,12,,4,10:03:00 AM,60.00,0.25,0.00,0.25,,
EXAMPLE_AIR_w4,Rotor 12,12,,5,10:04:00 AM,60.00,9.25,0.00,9.25,,
EXAMPLE_AIR_w4,Rotor 12,12,,6,10:05:00 AM,60.00,8.75,0.00,8.75,,
EXAMPLE_AIR_w4,Rotor 12,12,,7,10:06:00 AM,60.00,8.25,0.00,8.25,,
EXAMPLE_AIR_w4,Rotor 12,12,,8,10:07:00 AM,60.00,12.75,0.00,12.75,,
EXAMPLE_AIR_w4,Rotor 12,12,,9,10:08:00 AM,60.00,13.75,0.00,13.75,,
EXAMPLE_AIR_w4,Rotor 12,12,,10,10:09:00 AM,60.00,12.25,0.00,12.25,,
EXAMPLE_AIR_w4,Rotor 12,12,,11,10:10:00 AM,60.00,7.50,0.00,7.50,,
EXAMPLE_AIR_w4,Rotor 12,12,,12,10:11:00 AM,60.00,1.00,0.00,1.00,,
EXAMPLE_AIR_w4,Rotor 12,12,,13,10:12:00 AM,60.00,2.25,0.00,2.25,,
EXAMPLE_AIR_w4,Rotor 12,12,,14,10:13:00 AM,60.00,9.00,0.00,9.00,,
EXAMPLE_AIR_w4,Rotor 12,12,,15,10:14:00 AM,60.00,7.50,0.00,7.50,,
EXAMPLE_AIR_w4,Rotor 12,12,,16,10:15:00 AM,60.00,14.75,0.00,14.75,,
EXAMPLE_AIR_w4,Rotor 12,12,,17,10:16:00 AM,60.00,13.75,0.00,13.75,,
EXAMPLE_AIR_w4,Rotor 12,12,,18,10:17:00 AM,60.00,16.25,0.00,16.25,,
EXAMPLE_AIR_w4,Rotor 12,12,,19,10:18:00 AM,60.00,17.00,0.00,17.00,,
EXAMPLE_AIR_w4,Rotor 12,12,,20,10:19:00 AM,60.00,18.00,0.00,18.00,,
EXAMPLE_AIR_w4,Rotor 12,12,,21,10:20:00 AM,60.00,16.25,0.00,16.25,,
EXAMPLE_AIR_w4,Rotor 12,12,,22,10:21:00 AM,60.00,17.00,0.00,17.00,,
EXAMPLE_AIR_w4,Rotor 12,12,,23,10:22:00 AM,60.00,7.50,0.00,7.50,,
EXAMPLE_AIR_w4,Rotor 12,12,,24,10:23:00 AM,60.00,7.25,0.00,7.25,,
EXAMPLE_AIR_w4,Rotor 12,12,,25,10:24:00 AM,60.00,12.50,0.00,12.50,,
EXAMPLE_AIR_w4,Rotor 12,12,,26,10:25:00 AM,60.00,13.00,0.00,13.00,,
EXAMPLE_AIR_w4,Rotor 12,12,,27,10:26:00 AM,60.00,11.25,0.00,11.25,,
EXAMPLE_AIR_w4,Rotor 12,12,,28,10:27:00 AM,60.00,19.00,0.00,19.00,,
EXAMPLE_AIR_w4,Rotor 12,12,,29,10:28:00 AM,60.00,13.75,0.00,13.75,,
EXAMPLE_AIR_w4,Rotor 12,12,,30,10:29:00 AM,60.00,13.50,0.00,13.50,,
EXAMPLE_AIR_w4,Rotor 12,12,,31,10:30:00 AM,60.00,14.00,0.00,14.00,,
EXAMPLE_AIR_w4,Rotor 12,12,,32,10:31:00 AM,60.00,8.00,0.00,8.00,,
EXAMPLE_AIR_w4,Rotor 12,12,,33,10:32:00 AM,60.00,15.00,0.00,15.00,,
EXAMPLE_AIR_w4,Rotor 12,12,,34,10:33:00 AM,60.00,20.50,0.00,20.50,,
EXAMPLE_AIR_w4,Rotor 12,12,,35,10:34:00 AM,60.00,15.75,0.00,15.75,,
EXAMPLE_AIR_w4,Rotor 12,12,,36,10:35:00 AM,60.00,15.25,0.00,15.25,,
EXAMPLE_AIR_w4,Rotor 12,12,,37,10:36:00 AM,60.00,17.00,0.00,17.00,,
EXAMPLE_AIR_w4,Rotor 12,12,,38,10:37:00 AM,60.00,26.25,0.00,26.25,,
EXAMPLE_AIR_w4,Rotor 12,12,,39,10:38:00 AM,60.00,20.75,0.00,20.75,,
EXAMPLE_AIR_w4,Rotor 12,12,,40,10:39:00 AM,60.00,19.75,0.00,19.75,,
EXAMPLE_AIR_w4,Rotor 12,12,,41,10:40:00 AM,60.00,17.75,0.00,17.75,,
EXAMPLE_AIR_w4,Rotor 12,12,,42,10:41:00 AM,60.00,20.75,0.00,20.75,,
EXAMPLE_AIR_w4,Rotor 12,12,,43,10:42:00 AM,60.00,25.00,0.00,25.00,,
EXAMPLE_AIR_w4,Rotor 12,12,,44,10:43:00 AM,60.00,25.25,0.00,25.25,,
EXAMPLE_AIR_w4,Rotor 12,12,,45,10:44:00 AM,60.00,21.00,0.00,21.00,,
EXAMPLE_AIR_w4,Rotor 12,12,,46,10:45:00 AM,60.00,24.75,0.00,24.75,,
EXAMPLE_AIR_w4,Rotor 12,12,,47,10:46:00 AM,60.00,28.00,0.00,28.00,,
EXAMPLE_AIR_w4,Rotor 12,12,,48,10:47:00 AM,60.00,26.75,0.00,26.75,,
EXAMPLE_AIR_w4,Rotor 12,12,,49,10:48:00 AM,60.00,26.25,0.00,26.25,,
EXAMPLE_AIR_w4,Rotor 12,12,,50,10:49:00 AM,60.00,25.25,0.00,25.25,,
EXAMPLE_AIR_w4,Rotor 12,12,,51,10:50:00 AM,60.00,28.25,0.00,28.25,,
EXAMPLE_AIR_w4,Rotor 12,12,,52,10:51:00 AM,60.00,27.75,0.00,27.75,,
EXAMPLE_AIR_w4,Rotor 12,12,,53,10:52:00 AM,60.00,29.25,0.00,29.25,,
EXAMPLE_AIR_w4,Rotor 12,12,,54,10:53:00 AM,60.00,32.50,0.00,32.50,,
EXAMPLE_AIR_w4,Rotor 12,12,,55,10:54:00 AM,60.00,36.75,0.00,36.75,,
EXAMPLE_AIR_w4,Rotor 12,12,,56,10:55:00 AM,60.00,34.00,0.00,34.00,,
EXAMPLE_AIR_w4,Rotor 12,12,,57,10:56:00 AM,60.00,33.25,0.00,33.25,,
EXAMPLE_AIR_w4,Rotor 12,12,,58,10:57:00 AM,60.00,31.00,0.00,31.00,,
EXAMPLE_AIR_w4,Rotor 12,12,,59,10:58:00 AM,60.00,41.25,0.00,41.25,,
EXAMPLE_AIR_w4,Rotor 12,12,,60,10:59:00 AM,60.00,35.00,0.00,35.00,,
EXAMPLE_AIR_w4,Rotor 12,12,,61,11:00:00 AM,60.00,39.00,0.00,39.00,,
EXAMPLE_AIR_w4,Rotor 12,12,,62,11:01:00 AM,60.00,38.25,0.00,38.25,,
EXAMPLE_AIR_w4,Rotor 12,12,,63,11:02:00 AM,60.00,39.50,0.00,39.50,,
EXAMPLE_AIR_w4,Rotor 12,12,,64,11:03:00 AM,60.00,38.00,0.00,38.00,,
EXAMPLE_AIR_w4,Rotor 12,12,,65,11:04:00 AM,60.00,39.25,0.00,39.25,,
EXAMPLE_AIR_w4,Rotor 12,12,,66,11:05:00 AM,60.00,35.25,0.00,35.25,,
EXAMPLE_AIR_w4,Rotor 12,12,,67,11:06:00 AM,60.00,34.00,0.00,34.00,,
EXAMPLE_AIR_w4,Rotor 12,12,,68,11:07:00 AM,60.00,30.25,0.00,30.25,,
EXAMPLE_AIR_w4,Rotor 12,12,,69,11:08:00 AM,60.00,31.50,0.00,31.50,,
EXAMPLE_AIR_w4,Rotor 12,12,,70,11:09:00 AM,60.00,34.50,0.00,34.50,,
EXAMPLE_AIR_w4,Rotor 12,12,,71,11:10:00 AM,60.00,24.25,0.00,24.25,,
EXAMPLE_AIR_w4,Rotor 12,12,,72,11:11:00 AM,60.00,32.25,0.00,32.25,,
EXAMPLE_AIR_w4,Rotor 12,12,,73,11:12:00 AM,60.00,37.25,0.00,37.25,,
EXAMPLE_AIR_w4,Rotor 12,12,,74,11:13:00 AM,60.00,36.25,0.00,36.25,,
EXAMPLE_AIR_w4,Rotor 12,12,,75,11:14:00 AM,60.00,38.25,0.00,38.25,,
EXAMPLE_AIR_w4,Rotor 12,12,,76,11:15:00 AM,60.00,30.75,0.00,30.75,,
EXAMPLE_AIR_w4,Rotor 12,12,,77,11:16:00 AM,60.00,32.25,0.00,32.25,,
EXAMPLE_AIR_w4,Rotor 12,12,,78,11:17:00 AM,60.00,24.75,0.00,24.75,,
EXAMPLE_AIR_w4,Rotor 12,12,,79,11:18:00 AM,60.00,23.00,0.00,23.00,,
EXAMPLE_AIR_w4,Rotor 12,12,,80,11:19:00 AM,60.00,14.50,0.00,14.50,,
EXAMPLE_AIR_w4,Rotor 12,12,,81,11:20:00 AM,60.00,14.75,0.00,14.75,,
EXAMPLE_AIR_w4,Rotor 12,12,,82,11:21:00 AM,60.00,12.00,0.00,12.00,,
EXAMPLE_AIR_w4,Rotor 12,12,,83,11:22:00 AM,60.00,15.25,0.00,15.25,,
EXAMPLE_AIR_w4,Rotor 12,12,,84,11:23:00 AM,60.00,13.25,0.00,13.25,,
EXAMPLE_AIR_w4,Rotor 12,12,,85,11:24:00 AM,60.00,10.75,0.00,10.75,,
EXAMPLE_AIR_w4,Rotor 12,12,,86,11:25:00 AM,60.00,13.75,0.00,13.75,,
EXAMPLE_AIR_w4,Rotor 12,12,,87,11:26:00 AM,60.00,13.25,0.00,13.25,,
EXAMPLE_AIR_w4,Rotor 12,12,,88,11:27:00 AM,60.00,17.50,0.00,17.50,,
EXAMPLE_AIR_w4,Rotor 12,12,,89,11:28:00 AM,60.00,22.25,0.00,22.25,,
EXAMPLE_AIR_w4,Rotor 12,12,,90,11:29:00 AM,60.00,24.00,0.00,24.00,,
